"","Age","Class","Flight.Distance","satisfaction"
"51663",40,"Business",1471,"satisfied"
"57870",39,"Business",3447,"satisfied"
"2986",58,"Business",3084,"satisfied"
"29925",19,"Business",2756,"unsatisfied"
"95246",42,"Business",793,"unsatisfied"
"103065",30,"Business",516,"unsatisfied"
"68293",47,"Eco Plus",1119,"unsatisfied"
"62555",56,"Business",980,"satisfied"
"45404",46,"Eco",565,"unsatisfied"
"65161",77,"Eco",2288,"unsatisfied"
"46435",62,"Business",998,"satisfied"
"9642",62,"Eco Plus",562,"unsatisfied"
"59134",36,"Business",509,"satisfied"
"52132",52,"Business",3356,"satisfied"
"96849",37,"Eco",376,"satisfied"
"14183",69,"Eco Plus",812,"unsatisfied"
"15180",55,"Business",530,"satisfied"
"27168",25,"Business",777,"unsatisfied"
"89709",12,"Eco",980,"unsatisfied"
"9097",60,"Eco",1041,"satisfied"
"30538",41,"Business",733,"satisfied"
"56219",44,"Business",2119,"satisfied"
"94517",12,"Eco",714,"unsatisfied"
"7989",43,"Business",937,"satisfied"
"13536",14,"Eco",651,"unsatisfied"
"90077",36,"Eco",462,"satisfied"
"6216",27,"Business",399,"unsatisfied"
"83519",34,"Business",1542,"satisfied"
"29394",30,"Business",2474,"satisfied"
"53241",48,"Business",393,"satisfied"
"28825",46,"Eco",414,"unsatisfied"
"41",39,"Business",1734,"satisfied"
"14426",14,"Business",1460,"satisfied"
"72820",10,"Business",1586,"unsatisfied"
"51656",43,"Business",3404,"satisfied"
"94038",56,"Business",781,"satisfied"
"58527",66,"Business",789,"unsatisfied"
"77009",27,"Business",1611,"satisfied"
"43042",48,"Eco",1192,"unsatisfied"
"77837",51,"Eco",411,"satisfied"
"6134",39,"Business",2483,"satisfied"
"33523",67,"Business",1559,"satisfied"
"21812",38,"Business",3053,"satisfied"
"39895",66,"Eco Plus",522,"unsatisfied"
"9640",42,"Eco",937,"unsatisfied"
"85278",35,"Business",1121,"unsatisfied"
"9326",22,"Eco",187,"unsatisfied"
"26510",40,"Eco",612,"unsatisfied"
"20960",32,"Eco",1092,"satisfied"
"14403",32,"Eco",667,"unsatisfied"
"64502",38,"Business",431,"unsatisfied"
"71503",15,"Eco",251,"unsatisfied"
"45221",70,"Eco",767,"unsatisfied"
"94335",38,"Eco",165,"unsatisfied"
"92372",46,"Business",2288,"satisfied"
"77585",46,"Business",1972,"satisfied"
"80686",27,"Business",228,"satisfied"
"70563",22,"Eco",1979,"unsatisfied"
"32606",42,"Business",419,"unsatisfied"
"16152",40,"Eco",1587,"unsatisfied"
"25559",25,"Eco",403,"satisfied"
"14215",27,"Eco",965,"unsatisfied"
"14287",26,"Eco",323,"unsatisfied"
"23194",42,"Business",2267,"satisfied"
"90094",23,"Eco Plus",370,"satisfied"
"34976",47,"Eco",589,"satisfied"
"14491",22,"Business",2561,"satisfied"
"82949",20,"Business",414,"satisfied"
"77584",38,"Business",101,"satisfied"
"40503",41,"Eco",295,"unsatisfied"
"34724",37,"Business",280,"unsatisfied"
"103662",38,"Business",271,"satisfied"
"86013",54,"Business",1719,"satisfied"
"17369",69,"Eco",594,"unsatisfied"
"31542",39,"Business",89,"satisfied"
"102537",47,"Business",365,"unsatisfied"
"59106",24,"Eco",838,"unsatisfied"
"86605",57,"Business",227,"satisfied"
"40632",64,"Eco",114,"unsatisfied"
"96111",45,"Eco",552,"unsatisfied"
"43204",39,"Business",356,"unsatisfied"
"37544",69,"Eco",2065,"unsatisfied"
"99289",60,"Business",587,"satisfied"
"84427",39,"Business",1641,"satisfied"
"76820",42,"Eco",990,"unsatisfied"
"82115",22,"Eco",528,"unsatisfied"
"44196",54,"Business",2846,"satisfied"
"92337",36,"Eco",430,"unsatisfied"
"44983",29,"Eco",1986,"unsatisfied"
"91438",47,"Eco",957,"unsatisfied"
"36717",9,"Eco",859,"unsatisfied"
"28078",42,"Business",351,"unsatisfied"
"69369",41,"Business",2265,"satisfied"
"91564",57,"Business",3463,"satisfied"
"43406",33,"Eco",317,"unsatisfied"
"41488",28,"Eco",177,"unsatisfied"
"47485",36,"Eco",771,"unsatisfied"
"63528",20,"Eco Plus",950,"unsatisfied"
"14536",39,"Eco",250,"satisfied"
"83069",20,"Eco",67,"unsatisfied"
"51465",60,"Eco",1211,"unsatisfied"
"26503",58,"Business",125,"satisfied"
"103319",25,"Eco",1015,"unsatisfied"
"88299",40,"Eco",715,"unsatisfied"
"32953",44,"Eco",337,"unsatisfied"
"413",38,"Business",285,"satisfied"
"10762",60,"Business",1851,"satisfied"
"48182",44,"Business",2335,"satisfied"
"30571",56,"Business",1726,"satisfied"
"42521",27,"Eco Plus",550,"unsatisfied"
"74522",57,"Eco Plus",213,"unsatisfied"
"14745",24,"Business",1208,"satisfied"
"25946",26,"Eco",1135,"unsatisfied"
"80340",25,"Business",1846,"unsatisfied"
"43928",55,"Business",2079,"unsatisfied"
"6601",26,"Business",767,"unsatisfied"
"57701",57,"Eco",1190,"unsatisfied"
"53518",45,"Eco",237,"unsatisfied"
"72326",72,"Business",957,"unsatisfied"
"52353",8,"Eco",726,"unsatisfied"
"66154",36,"Eco",748,"satisfied"
"47802",55,"Business",321,"satisfied"
"31517",23,"Eco",1426,"unsatisfied"
"66075",30,"Eco",413,"unsatisfied"
"32263",62,"Eco",343,"unsatisfied"
"95989",56,"Business",2771,"unsatisfied"
"69161",61,"Business",1044,"unsatisfied"
"81118",59,"Business",2227,"satisfied"
"56157",58,"Eco",468,"unsatisfied"
"19392",67,"Business",228,"satisfied"
"46137",39,"Business",2336,"satisfied"
"67747",22,"Eco",1142,"unsatisfied"
"2286",22,"Business",641,"satisfied"
"59970",22,"Eco",529,"satisfied"
"84298",15,"Business",1931,"unsatisfied"
"54661",63,"Eco",308,"unsatisfied"
"32281",22,"Business",803,"satisfied"
"64085",28,"Business",680,"satisfied"
"7826",18,"Eco Plus",247,"unsatisfied"
"80287",38,"Eco",679,"satisfied"
"89799",41,"Eco",134,"unsatisfied"
"25449",36,"Eco",565,"unsatisfied"
"63405",52,"Business",787,"satisfied"
"76223",46,"Eco",2611,"unsatisfied"
"64616",42,"Eco",240,"unsatisfied"
"27455",19,"Eco",632,"unsatisfied"
"54740",41,"Business",1091,"satisfied"
"78173",34,"Business",809,"satisfied"
"20193",47,"Business",197,"satisfied"
"66701",57,"Eco",406,"unsatisfied"
"97201",52,"Business",500,"satisfied"
"22467",33,"Eco",1750,"unsatisfied"
"95362",56,"Business",173,"satisfied"
"63167",39,"Business",3012,"satisfied"
"79225",38,"Business",533,"satisfied"
"63658",49,"Business",3256,"satisfied"
"49862",25,"Eco",589,"unsatisfied"
"84032",20,"Eco",1620,"unsatisfied"
"79331",51,"Eco",304,"unsatisfied"
"84955",46,"Eco",1201,"unsatisfied"
"51491",32,"Eco",590,"unsatisfied"
"15703",25,"Eco",304,"unsatisfied"
"6623",53,"Business",2149,"satisfied"
"8983",48,"Business",3020,"satisfied"
"37769",34,"Business",2836,"satisfied"
"29479",19,"Eco",1102,"unsatisfied"
"70943",42,"Eco",589,"unsatisfied"
"98170",34,"Eco",802,"unsatisfied"
"78121",55,"Eco",2139,"unsatisfied"
"86621",37,"Eco",347,"unsatisfied"
"1835",25,"Eco",1189,"unsatisfied"
"42221",19,"Eco",2454,"unsatisfied"
"21099",21,"Eco",531,"unsatisfied"
"41043",46,"Business",3093,"satisfied"
"90978",59,"Business",226,"satisfied"
"56529",57,"Eco",265,"unsatisfied"
"36940",36,"Eco",489,"satisfied"
"97455",43,"Eco",1592,"unsatisfied"
"76099",59,"Eco",1249,"satisfied"
"38265",30,"Business",772,"satisfied"
"76384",44,"Eco",564,"satisfied"
"46438",7,"Eco",468,"satisfied"
"75176",36,"Eco",146,"unsatisfied"
"88461",13,"Eco",2381,"unsatisfied"
"69350",48,"Eco Plus",130,"unsatisfied"
"8176",53,"Business",2586,"satisfied"
"94119",22,"Eco",2277,"satisfied"
"76369",9,"Eco",862,"satisfied"
"17746",46,"Eco Plus",2422,"unsatisfied"
"53873",40,"Eco",484,"unsatisfied"
"29133",19,"Eco",674,"unsatisfied"
"31",31,"Business",819,"satisfied"
"7588",48,"Business",919,"satisfied"
"4620",23,"Eco",1609,"unsatisfied"
"45980",29,"Eco",711,"unsatisfied"
"68783",12,"Eco",1541,"unsatisfied"
"51573",42,"Business",422,"satisfied"
"89552",53,"Business",3044,"satisfied"
"70778",54,"Eco Plus",2218,"unsatisfied"
"11667",24,"Business",2581,"satisfied"
"33027",41,"Eco",290,"satisfied"
"87905",44,"Business",1340,"satisfied"
"70945",55,"Business",2929,"satisfied"
"91467",17,"Business",1089,"satisfied"
"76792",58,"Business",3974,"satisfied"
"89436",47,"Business",3779,"satisfied"
"2450",9,"Eco",1185,"unsatisfied"
"44500",9,"Eco",618,"unsatisfied"
"1673",53,"Business",667,"satisfied"
"19851",43,"Eco Plus",121,"unsatisfied"
"48434",67,"Eco",1608,"unsatisfied"
"83529",39,"Business",158,"satisfied"
"6007",54,"Business",2312,"unsatisfied"
"83680",24,"Eco",632,"unsatisfied"
"55992",20,"Eco Plus",429,"unsatisfied"
"90779",30,"Eco",405,"unsatisfied"
"78967",38,"Eco",163,"satisfied"
"100264",52,"Eco Plus",587,"unsatisfied"
"66596",55,"Business",602,"satisfied"
"60906",18,"Eco",399,"unsatisfied"
"78715",47,"Business",3919,"satisfied"
"93289",31,"Eco",731,"unsatisfied"
"46468",26,"Business",879,"unsatisfied"
"1204",33,"Eco",483,"satisfied"
"97653",18,"Eco",223,"unsatisfied"
"53272",47,"Eco",826,"satisfied"
"24111",55,"Business",1299,"unsatisfied"
"75455",55,"Business",399,"satisfied"
"43694",45,"Business",2240,"unsatisfied"
"3984",31,"Business",606,"satisfied"
"7880",41,"Eco",671,"unsatisfied"
"57722",52,"Eco Plus",622,"unsatisfied"
"22119",15,"Business",2172,"unsatisfied"
"67632",57,"Business",862,"satisfied"
"86409",42,"Eco",802,"unsatisfied"
"52523",31,"Business",3690,"unsatisfied"
"53918",66,"Business",373,"satisfied"
"24522",8,"Eco",1501,"unsatisfied"
"6333",23,"Eco",447,"unsatisfied"
"68430",45,"Eco",342,"unsatisfied"
"90232",17,"Business",1565,"unsatisfied"
"89419",26,"Business",771,"unsatisfied"
"55737",41,"Business",238,"satisfied"
"19955",23,"Business",1717,"unsatisfied"
"55368",26,"Business",1063,"unsatisfied"
"47818",45,"Business",1968,"satisfied"
"14417",22,"Eco",1770,"satisfied"
"49286",34,"Business",539,"satisfied"
"92916",36,"Eco",558,"unsatisfied"
"25244",43,"Eco",452,"unsatisfied"
"5596",33,"Eco",746,"satisfied"
"40276",52,"Eco",1721,"satisfied"
"60101",41,"Eco",1107,"unsatisfied"
"37167",66,"Eco Plus",2556,"satisfied"
"69232",45,"Business",3477,"satisfied"
"22974",28,"Business",1009,"unsatisfied"
"52851",40,"Business",2174,"satisfied"
"4913",13,"Business",1448,"satisfied"
"10301",67,"Eco",936,"unsatisfied"
"76908",26,"Eco",272,"unsatisfied"
"99701",39,"Eco",207,"unsatisfied"
"18547",45,"Eco",1121,"unsatisfied"
"78774",49,"Business",551,"unsatisfied"
"29370",28,"Eco Plus",227,"unsatisfied"
"46843",45,"Eco",534,"unsatisfied"
"58102",32,"Eco Plus",101,"unsatisfied"
"36086",51,"Business",255,"satisfied"
"76723",10,"Eco",479,"unsatisfied"
"82171",38,"Eco",542,"unsatisfied"
"9182",32,"Eco",190,"unsatisfied"
"71848",44,"Business",391,"unsatisfied"
"88852",26,"Business",733,"unsatisfied"
"82585",48,"Eco",101,"satisfied"
"56519",65,"Eco",192,"satisfied"
"24671",40,"Business",3230,"satisfied"
"93648",28,"Business",907,"satisfied"
"34134",35,"Eco Plus",224,"unsatisfied"
"47800",52,"Business",3309,"satisfied"
"25196",36,"Business",2901,"satisfied"
"65778",38,"Business",1080,"satisfied"
"7071",37,"Eco",605,"unsatisfied"
"40160",13,"Eco",1590,"unsatisfied"
"1498",53,"Eco",1041,"unsatisfied"
"57337",43,"Business",328,"satisfied"
"60587",52,"Eco",323,"unsatisfied"
"20698",49,"Eco",264,"unsatisfied"
"65615",40,"Business",1892,"satisfied"
"9723",60,"Business",1590,"satisfied"
"34599",41,"Business",2276,"satisfied"
"4518",52,"Business",2284,"satisfied"
"62170",23,"Business",671,"satisfied"
"81882",21,"Business",621,"satisfied"
"4695",17,"Eco Plus",302,"unsatisfied"
"32102",20,"Eco Plus",746,"unsatisfied"
"78889",30,"Eco",351,"unsatisfied"
"81025",40,"Eco Plus",468,"unsatisfied"
"97142",30,"Eco",861,"unsatisfied"
"74984",20,"Eco Plus",972,"satisfied"
"92556",39,"Business",2595,"satisfied"
"53289",34,"Business",2960,"unsatisfied"
"16436",50,"Eco",106,"satisfied"
"26691",53,"Business",2753,"satisfied"
"53705",60,"Business",187,"satisfied"
"42887",46,"Eco",759,"unsatisfied"
"30237",36,"Business",321,"unsatisfied"
"66766",42,"Business",989,"unsatisfied"
"35556",35,"Eco",1635,"unsatisfied"
"32076",56,"Eco Plus",2504,"unsatisfied"
"26715",56,"Business",1426,"satisfied"
"18388",26,"Eco Plus",1598,"unsatisfied"
"82526",40,"Eco",416,"unsatisfied"
"23977",29,"Eco",404,"unsatisfied"
"68616",33,"Eco Plus",270,"unsatisfied"
"63481",46,"Eco",399,"unsatisfied"
"31315",25,"Eco",248,"unsatisfied"
"43755",31,"Eco",912,"unsatisfied"
"45555",51,"Eco",1086,"unsatisfied"
"57943",43,"Business",3727,"satisfied"
"74659",17,"Eco",337,"unsatisfied"
"73799",39,"Business",2172,"satisfied"
"102346",15,"Eco",743,"unsatisfied"
"20400",39,"Eco",147,"satisfied"
"4972",57,"Eco",404,"unsatisfied"
"69045",56,"Business",449,"satisfied"
"37492",8,"Eco Plus",247,"unsatisfied"
"6373",25,"Eco",529,"unsatisfied"
"73396",58,"Eco",259,"unsatisfied"
"82756",46,"Business",479,"satisfied"
"602",45,"Eco",1294,"unsatisfied"
"74059",18,"Eco",169,"unsatisfied"
"47606",39,"Eco",468,"unsatisfied"
"28577",45,"Eco",1721,"unsatisfied"
"7877",52,"Business",852,"satisfied"
"58263",36,"Business",3237,"satisfied"
"2777",35,"Business",1514,"unsatisfied"
"30712",29,"Eco",255,"unsatisfied"
"17749",50,"Eco Plus",588,"unsatisfied"
"7488",53,"Eco",937,"unsatisfied"
"101452",25,"Business",2133,"unsatisfied"
"76662",20,"Eco",956,"satisfied"
"100100",37,"Eco",290,"unsatisfied"
"45430",48,"Business",920,"satisfied"
"9739",41,"Eco",2475,"unsatisfied"
"61775",41,"Business",2926,"satisfied"
"19512",53,"Business",846,"satisfied"
"80143",40,"Business",532,"satisfied"
"49588",58,"Eco",719,"unsatisfied"
"101353",48,"Business",1616,"satisfied"
"49753",37,"Business",1431,"unsatisfied"
"90499",57,"Business",2136,"satisfied"
"52292",36,"Eco Plus",711,"unsatisfied"
"101096",40,"Business",502,"satisfied"
"38245",41,"Business",1508,"unsatisfied"
"99046",44,"Eco Plus",964,"unsatisfied"
"4682",38,"Eco",436,"unsatisfied"
"68957",32,"Eco Plus",628,"unsatisfied"
"37765",23,"Business",1597,"unsatisfied"
"34827",23,"Eco",1400,"satisfied"
"86479",24,"Business",2521,"unsatisfied"
"2748",29,"Business",3198,"unsatisfied"
"56138",57,"Business",214,"satisfied"
"44859",51,"Business",1550,"satisfied"
"101888",23,"Eco",889,"unsatisfied"
"51442",29,"Eco",1010,"unsatisfied"
"78912",55,"Business",1794,"satisfied"
"75936",42,"Eco",187,"unsatisfied"
"57223",22,"Eco",913,"unsatisfied"
"67089",53,"Business",1371,"satisfied"
"97664",35,"Business",2286,"satisfied"
"27365",49,"Business",541,"satisfied"
"76141",22,"Eco Plus",370,"unsatisfied"
"87938",32,"Business",846,"unsatisfied"
"19927",50,"Business",1671,"unsatisfied"
"10216",67,"Eco",446,"unsatisfied"
"2882",41,"Eco",226,"satisfied"
"4015",43,"Business",2167,"satisfied"
"27913",26,"Business",3322,"unsatisfied"
"29465",31,"Business",416,"unsatisfied"
"9174",39,"Business",3853,"satisfied"
"102856",50,"Business",762,"satisfied"
"7657",19,"Eco",1258,"unsatisfied"
"31351",55,"Eco",571,"unsatisfied"
"68553",29,"Eco Plus",266,"satisfied"
"83192",23,"Business",489,"satisfied"
"42155",44,"Business",2247,"satisfied"
"65995",11,"Eco Plus",1635,"unsatisfied"
"92999",39,"Eco",1026,"unsatisfied"
"10044",52,"Business",3915,"unsatisfied"
"93926",24,"Business",946,"satisfied"
"14666",40,"Eco",1028,"satisfied"
"26226",54,"Business",1698,"satisfied"
"54371",38,"Business",1855,"satisfied"
"91194",33,"Eco Plus",391,"satisfied"
"72668",21,"Eco",453,"unsatisfied"
"38920",21,"Business",862,"unsatisfied"
"96855",64,"Eco",289,"unsatisfied"
"19360",38,"Business",414,"satisfied"
"94407",63,"Eco",811,"unsatisfied"
"22344",13,"Eco",950,"satisfied"
"98763",23,"Business",1460,"satisfied"
"42039",57,"Business",2818,"satisfied"
"83836",11,"Eco",912,"unsatisfied"
"51953",23,"Business",2328,"satisfied"
"91407",38,"Business",457,"satisfied"
"86414",32,"Eco",1216,"unsatisfied"
"95387",22,"Business",1546,"satisfied"
"36385",27,"Business",370,"satisfied"
"101138",39,"Business",181,"satisfied"
"74075",10,"Eco Plus",594,"unsatisfied"
"101450",26,"Eco Plus",522,"unsatisfied"
"36671",53,"Business",1790,"satisfied"
"29343",36,"Eco",308,"unsatisfied"
"47159",52,"Business",3669,"satisfied"
"34162",50,"Eco",223,"unsatisfied"
"70508",17,"Eco",2486,"unsatisfied"
"66396",50,"Eco",2381,"unsatisfied"
"65053",22,"Eco",1099,"satisfied"
"100887",31,"Eco",106,"satisfied"
"83653",54,"Eco",1111,"unsatisfied"
"81490",26,"Business",646,"satisfied"
"76877",29,"Business",2118,"satisfied"
"24243",25,"Eco",1140,"unsatisfied"
"74441",13,"Business",1182,"unsatisfied"
"36829",32,"Business",1190,"unsatisfied"
"41218",28,"Eco",1041,"unsatisfied"
"67499",59,"Eco",113,"unsatisfied"
"23294",35,"Business",304,"unsatisfied"
"76805",50,"Business",3520,"unsatisfied"
"27103",26,"Business",2434,"satisfied"
"83355",27,"Eco",460,"unsatisfied"
"1923",23,"Eco Plus",377,"unsatisfied"
"31466",33,"Business",2791,"satisfied"
"5178",10,"Eco",102,"unsatisfied"
"8482",22,"Business",326,"satisfied"
"49618",10,"Eco",507,"unsatisfied"
"78638",37,"Business",1910,"satisfied"
"47695",27,"Eco",67,"unsatisfied"
"48775",43,"Eco",67,"unsatisfied"
"100232",46,"Eco",606,"unsatisfied"
"61449",69,"Eco Plus",531,"unsatisfied"
"43289",46,"Business",2827,"satisfied"
"91176",63,"Eco",606,"unsatisfied"
"81547",51,"Business",2565,"satisfied"
"102798",49,"Eco",533,"satisfied"
"12636",14,"Eco",460,"unsatisfied"
"20547",48,"Eco",2172,"unsatisfied"
"69340",60,"Business",1521,"satisfied"
"37247",39,"Business",1874,"unsatisfied"
"37015",41,"Eco",1222,"unsatisfied"
"53719",14,"Eco",558,"unsatisfied"
"37208",27,"Business",1660,"satisfied"
"18876",40,"Eco",163,"unsatisfied"
"17017",48,"Eco",862,"unsatisfied"
"26566",43,"Business",3610,"satisfied"
"62506",58,"Eco",73,"unsatisfied"
"92120",43,"Business",2075,"unsatisfied"
"74640",48,"Business",3277,"satisfied"
"39264",32,"Business",3803,"unsatisfied"
"60225",28,"Business",3544,"satisfied"
"89914",61,"Eco Plus",533,"satisfied"
"103690",30,"Eco",408,"unsatisfied"
"13763",26,"Business",3378,"satisfied"
"79126",30,"Eco",600,"unsatisfied"
"15828",26,"Eco",377,"unsatisfied"
"4750",26,"Eco Plus",925,"unsatisfied"
"18807",38,"Business",916,"satisfied"
"91870",46,"Eco",259,"unsatisfied"
"103495",28,"Eco",153,"unsatisfied"
"91570",37,"Eco",978,"unsatisfied"
"41609",40,"Eco Plus",515,"satisfied"
"13797",42,"Eco",427,"satisfied"
"56767",30,"Eco",496,"unsatisfied"
"8848",55,"Eco",695,"satisfied"
"38947",37,"Eco",226,"unsatisfied"
"101914",14,"Eco",696,"satisfied"
"50212",38,"Business",1798,"satisfied"
"12791",27,"Business",486,"satisfied"
"7196",59,"Eco Plus",190,"unsatisfied"
"25245",67,"Eco",227,"unsatisfied"
"58156",47,"Business",946,"satisfied"
"64797",32,"Business",2656,"satisfied"
"75869",36,"Eco",130,"satisfied"
"35533",36,"Business",2798,"unsatisfied"
"65463",43,"Business",377,"satisfied"
"98821",22,"Eco",920,"satisfied"
"52572",39,"Business",2747,"satisfied"
"99750",39,"Eco",224,"satisfied"
"2647",49,"Eco",383,"unsatisfied"
"80352",48,"Eco",471,"unsatisfied"
"34796",41,"Eco",1299,"unsatisfied"
"83727",72,"Eco",1332,"unsatisfied"
"38582",20,"Eco",569,"unsatisfied"
"68362",11,"Eco",1050,"unsatisfied"
"85929",51,"Eco Plus",109,"satisfied"
"21086",36,"Eco",134,"unsatisfied"
"94388",36,"Business",449,"satisfied"
"18304",41,"Eco",228,"unsatisfied"
"2761",22,"Eco",373,"unsatisfied"
"47651",63,"Eco",358,"unsatisfied"
"99007",38,"Business",1089,"satisfied"
"76",25,"Business",1435,"satisfied"
"56753",24,"Business",562,"satisfied"
"16029",46,"Business",760,"satisfied"
"37853",54,"Eco",577,"unsatisfied"
"40302",15,"Eco",369,"satisfied"
"75133",51,"Business",2178,"satisfied"
"4297",58,"Eco",1080,"unsatisfied"
"61429",38,"Eco",516,"unsatisfied"
"63754",47,"Eco",1005,"unsatisfied"
"47529",37,"Business",405,"unsatisfied"
"37106",44,"Eco",388,"unsatisfied"
"101880",57,"Eco Plus",347,"satisfied"
"40838",23,"Eco",584,"unsatisfied"
"91239",46,"Business",2829,"satisfied"
"55888",28,"Eco",804,"unsatisfied"
"83618",44,"Eco",737,"unsatisfied"
"101534",17,"Eco",961,"unsatisfied"
"99285",49,"Eco",337,"unsatisfied"
"34490",68,"Eco",954,"unsatisfied"
"55582",24,"Eco",188,"unsatisfied"
"19879",48,"Business",1703,"satisfied"
"37294",43,"Eco",651,"unsatisfied"
"31859",55,"Business",3860,"satisfied"
"101916",29,"Eco Plus",780,"satisfied"
"74482",58,"Eco",594,"unsatisfied"
"6529",21,"Eco",759,"unsatisfied"
"89521",18,"Eco",600,"unsatisfied"
"15524",35,"Business",1092,"satisfied"
"7053",27,"Business",1487,"unsatisfied"
"82255",48,"Business",1020,"satisfied"
"2222",20,"Eco",528,"unsatisfied"
"87671",15,"Business",1476,"unsatisfied"
"88940",36,"Business",3943,"satisfied"
"90727",40,"Business",2010,"satisfied"
"97700",55,"Eco",1217,"unsatisfied"
"20995",43,"Business",2248,"satisfied"
"40459",59,"Business",2218,"satisfied"
"11166",39,"Eco",78,"unsatisfied"
"35046",34,"Eco Plus",861,"satisfied"
"95455",60,"Business",2790,"satisfied"
"16322",49,"Business",3337,"satisfied"
"42611",41,"Business",1235,"satisfied"
"39155",47,"Business",226,"satisfied"
"65854",43,"Eco",581,"unsatisfied"
"1627",33,"Eco Plus",338,"unsatisfied"
"96703",43,"Eco",955,"satisfied"
"53391",35,"Eco",515,"unsatisfied"
"32035",36,"Business",1892,"satisfied"
"75938",25,"Eco",666,"unsatisfied"
"28613",37,"Eco",325,"unsatisfied"
"19586",59,"Business",2163,"satisfied"
"11735",34,"Eco",247,"unsatisfied"
"77589",62,"Business",192,"unsatisfied"
"53971",44,"Eco",626,"satisfied"
"40133",16,"Business",453,"unsatisfied"
"23248",62,"Business",2555,"satisfied"
"4968",37,"Business",762,"unsatisfied"
"77872",58,"Eco",685,"unsatisfied"
"56986",21,"Eco",468,"unsatisfied"
"80931",58,"Business",2052,"unsatisfied"
"44447",57,"Business",2306,"satisfied"
"24728",58,"Business",2759,"satisfied"
"52551",39,"Eco",416,"unsatisfied"
"30541",42,"Business",337,"satisfied"
"15546",45,"Business",4963,"satisfied"
"80653",58,"Eco",563,"unsatisfied"
"98116",52,"Business",1829,"satisfied"
"49689",22,"Eco",1235,"unsatisfied"
"62133",56,"Eco",912,"unsatisfied"
"10550",28,"Business",2300,"satisfied"
"86015",40,"Eco",1123,"unsatisfied"
"87576",47,"Eco",925,"unsatisfied"
"61118",25,"Business",345,"unsatisfied"
"72047",19,"Eco",449,"unsatisfied"
"28535",42,"Business",526,"satisfied"
"19685",34,"Business",612,"satisfied"
"90544",28,"Eco",944,"unsatisfied"
"56471",52,"Eco",719,"unsatisfied"
"99374",22,"Eco",370,"unsatisfied"
"40159",21,"Eco",1192,"satisfied"
"32661",23,"Eco Plus",1303,"satisfied"
"49408",53,"Business",3448,"satisfied"
"28999",60,"Eco",173,"satisfied"
"17711",51,"Business",1643,"unsatisfied"
"73171",53,"Business",1598,"unsatisfied"
"47505",52,"Business",1871,"satisfied"
"7789",65,"Eco Plus",190,"unsatisfied"
"12447",27,"Business",326,"unsatisfied"
"74556",50,"Business",1636,"unsatisfied"
"95877",56,"Eco",2329,"unsatisfied"
"4298",44,"Business",1803,"satisfied"
"25948",53,"Business",1504,"satisfied"
"47534",39,"Eco",1587,"unsatisfied"
"65505",54,"Business",1718,"satisfied"
"72884",52,"Eco",1046,"satisfied"
"68703",38,"Eco",348,"unsatisfied"
"93017",37,"Eco",1303,"unsatisfied"
"756",41,"Business",3247,"satisfied"
"13157",37,"Eco",451,"unsatisfied"
"28676",29,"Eco",2350,"unsatisfied"
"64750",50,"Business",2436,"unsatisfied"
"80650",71,"Eco",335,"unsatisfied"
"102016",23,"Eco",539,"satisfied"
"93955",24,"Business",622,"satisfied"
"14600",39,"Business",719,"satisfied"
"27525",8,"Eco",199,"unsatisfied"
"24934",26,"Eco",488,"unsatisfied"
"78082",15,"Eco",322,"unsatisfied"
"887",37,"Eco",679,"unsatisfied"
"28360",62,"Eco",1590,"unsatisfied"
"914",38,"Business",1947,"satisfied"
"92958",9,"Business",1744,"satisfied"
"14405",25,"Eco",125,"unsatisfied"
"45533",41,"Business",368,"satisfied"
"92684",44,"Business",862,"unsatisfied"
"81921",67,"Eco",1723,"unsatisfied"
"80734",33,"Business",200,"satisfied"
"96754",30,"Business",1399,"satisfied"
"36234",38,"Eco",349,"unsatisfied"
"83712",57,"Eco",258,"unsatisfied"
"93439",37,"Eco",421,"unsatisfied"
"63967",41,"Business",3854,"satisfied"
"5799",21,"Eco",733,"satisfied"
"91468",23,"Eco Plus",445,"satisfied"
"20874",45,"Eco",304,"unsatisfied"
"84189",58,"Business",2422,"satisfied"
"20474",51,"Eco",86,"satisfied"
"14478",70,"Eco",909,"unsatisfied"
"10943",38,"Business",325,"unsatisfied"
"1789",58,"Eco",866,"satisfied"
"23506",41,"Business",2472,"satisfied"
"93970",56,"Eco",1172,"unsatisfied"
"32638",39,"Business",740,"unsatisfied"
"5483",57,"Eco",925,"unsatisfied"
"72383",64,"Eco",1099,"unsatisfied"
"41125",21,"Eco",1107,"satisfied"
"91154",30,"Eco",193,"unsatisfied"
"22849",49,"Business",622,"satisfied"
"58127",57,"Business",468,"satisfied"
"38854",25,"Eco",368,"unsatisfied"
"4961",59,"Business",861,"satisfied"
"77224",26,"Business",946,"satisfied"
"84796",57,"Eco",672,"unsatisfied"
"73717",63,"Eco",967,"unsatisfied"
"3004",60,"Business",628,"unsatisfied"
"8390",20,"Eco",255,"unsatisfied"
"30774",25,"Business",251,"unsatisfied"
"47868",32,"Business",501,"satisfied"
"64790",35,"Business",2175,"satisfied"
"91311",34,"Eco",210,"unsatisfied"
"88178",65,"Eco",587,"unsatisfied"
"15017",17,"Eco",83,"unsatisfied"
"67101",58,"Eco",309,"unsatisfied"
"50108",8,"Eco Plus",190,"unsatisfied"
"77784",43,"Business",3554,"satisfied"
"33037",48,"Business",2560,"satisfied"
"58460",56,"Business",1521,"satisfied"
"82412",44,"Eco Plus",407,"unsatisfied"
"52243",30,"Business",2047,"satisfied"
"54335",8,"Eco",789,"unsatisfied"
"61595",45,"Business",3675,"unsatisfied"
"72070",18,"Business",669,"unsatisfied"
"47332",50,"Business",2330,"satisfied"
"25082",22,"Eco",427,"unsatisfied"
"99710",15,"Eco",135,"unsatisfied"
"58012",53,"Business",522,"satisfied"
"51396",64,"Eco",954,"satisfied"
"2437",34,"Business",3349,"unsatisfied"
"26219",24,"Eco",366,"unsatisfied"
"91129",16,"Eco",312,"unsatisfied"
"18771",69,"Eco",319,"unsatisfied"
"102159",22,"Eco",187,"unsatisfied"
"43025",52,"Business",3119,"satisfied"
"41513",15,"Eco Plus",261,"unsatisfied"
"18671",61,"Eco",573,"unsatisfied"
"100862",8,"Business",395,"unsatisfied"
"21556",34,"Eco",403,"satisfied"
"2315",57,"Business",3283,"unsatisfied"
"39113",43,"Eco",872,"satisfied"
"70995",39,"Eco",577,"unsatisfied"
"57334",49,"Eco",469,"satisfied"
"55241",20,"Eco",238,"satisfied"
"42775",61,"Business",2162,"unsatisfied"
"77841",29,"Business",2365,"satisfied"
"71112",51,"Eco",1075,"satisfied"
"40332",33,"Eco",334,"unsatisfied"
"4176",41,"Business",2288,"satisfied"
"57247",54,"Business",2600,"satisfied"
"61973",50,"Business",1777,"satisfied"
"99134",34,"Business",3158,"satisfied"
"72732",62,"Eco",1379,"unsatisfied"
"90266",44,"Business",3867,"satisfied"
"20570",56,"Business",1852,"satisfied"
"51114",33,"Business",671,"satisfied"
"78457",20,"Eco",250,"unsatisfied"
"29278",43,"Eco",334,"unsatisfied"
"39404",15,"Eco",1170,"unsatisfied"
"53042",49,"Business",804,"satisfied"
"352",34,"Business",1825,"satisfied"
"65920",58,"Eco Plus",1034,"unsatisfied"
"51260",30,"Eco",1723,"unsatisfied"
"24163",49,"Eco",1565,"unsatisfied"
"40818",38,"Business",373,"satisfied"
"32763",48,"Eco",109,"unsatisfied"
"91819",46,"Eco",1303,"unsatisfied"
"61328",40,"Eco Plus",647,"unsatisfied"
"1191",65,"Eco",328,"satisfied"
"98032",44,"Eco",1482,"satisfied"
"22660",34,"Eco",601,"unsatisfied"
"59555",48,"Business",950,"satisfied"
"39396",24,"Business",1874,"satisfied"
"95542",45,"Business",1833,"satisfied"
"82243",24,"Eco",1440,"unsatisfied"
"30933",46,"Eco",563,"satisfied"
"17832",45,"Business",402,"satisfied"
"40197",25,"Business",2443,"satisfied"
"4588",27,"Business",3183,"satisfied"
"89671",26,"Eco",89,"unsatisfied"
"2304",54,"Business",130,"unsatisfied"
"21771",42,"Business",3767,"satisfied"
"33442",58,"Eco",404,"unsatisfied"
"68813",24,"Eco",862,"satisfied"
"99515",39,"Business",362,"unsatisfied"
"39150",39,"Business",3091,"satisfied"
"45174",62,"Business",812,"unsatisfied"
"30536",27,"Business",3344,"unsatisfied"
"29444",45,"Eco Plus",733,"unsatisfied"
"65839",69,"Business",376,"unsatisfied"
"92174",22,"Eco",2586,"unsatisfied"
"56987",39,"Eco",397,"unsatisfied"
"57777",15,"Eco",594,"unsatisfied"
"57766",60,"Business",674,"satisfied"
"32817",25,"Eco",634,"unsatisfied"
"79173",42,"Eco",694,"unsatisfied"
"20696",46,"Business",1572,"satisfied"
"86160",33,"Eco",123,"satisfied"
"51051",30,"Eco Plus",852,"unsatisfied"
"31566",45,"Eco",237,"unsatisfied"
"50878",66,"Eco",1437,"unsatisfied"
"1003",28,"Business",1942,"satisfied"
"80926",55,"Eco",834,"unsatisfied"
"84909",46,"Business",316,"satisfied"
"70212",36,"Eco",858,"unsatisfied"
"37984",53,"Eco",1172,"unsatisfied"
"87509",41,"Business",920,"unsatisfied"
"56785",37,"Eco",762,"unsatisfied"
"14632",32,"Eco",1372,"unsatisfied"
"58085",47,"Business",185,"unsatisfied"
"53547",54,"Business",2950,"satisfied"
"24226",58,"Business",2024,"unsatisfied"
"9008",32,"Eco",1183,"unsatisfied"
"88320",41,"Eco",849,"unsatisfied"
"74884",69,"Eco Plus",590,"unsatisfied"
"81626",25,"Eco",937,"unsatisfied"
"51417",40,"Eco",631,"unsatisfied"
"25681",26,"Business",611,"unsatisfied"
"39460",32,"Eco",859,"unsatisfied"
"64935",59,"Business",1045,"satisfied"
"48187",37,"Business",1235,"satisfied"
"36573",37,"Business",3035,"satisfied"
"54047",30,"Business",1005,"satisfied"
"100649",28,"Eco",216,"unsatisfied"
"17955",51,"Eco",228,"unsatisfied"
"57137",9,"Eco",921,"unsatisfied"
"36091",50,"Eco",471,"unsatisfied"
"40269",55,"Business",1464,"satisfied"
"102575",24,"Business",920,"satisfied"
"41194",48,"Business",1464,"satisfied"
"5392",20,"Eco",599,"unsatisfied"
"45030",27,"Eco",196,"unsatisfied"
"9563",33,"Business",668,"unsatisfied"
"97416",52,"Eco",986,"unsatisfied"
"32710",49,"Business",1052,"unsatisfied"
"24790",64,"Eco",1205,"unsatisfied"
"70405",49,"Eco",523,"unsatisfied"
"28650",25,"Eco",347,"unsatisfied"
"2473",71,"Eco Plus",632,"unsatisfied"
"76085",25,"Business",1448,"satisfied"
"52818",34,"Business",1102,"satisfied"
"18937",15,"Eco",685,"unsatisfied"
"43801",49,"Business",2732,"satisfied"
"82422",36,"Business",1835,"satisfied"
"50036",37,"Eco",325,"unsatisfied"
"83098",25,"Eco",293,"unsatisfied"
"31072",38,"Business",3470,"satisfied"
"50814",47,"Business",2153,"unsatisfied"
"10174",40,"Business",395,"satisfied"
"16021",69,"Eco",719,"unsatisfied"
"13939",45,"Business",3613,"satisfied"
"89105",52,"Business",585,"satisfied"
"68446",42,"Business",2333,"satisfied"
"102808",43,"Business",641,"unsatisfied"
"57539",9,"Eco Plus",1849,"unsatisfied"
"35544",46,"Eco",421,"unsatisfied"
"42459",43,"Eco",153,"unsatisfied"
"86615",33,"Eco Plus",438,"unsatisfied"
"12334",18,"Eco",2475,"unsatisfied"
"30092",49,"Eco",239,"unsatisfied"
"13448",31,"Eco",188,"unsatisfied"
"9046",46,"Eco",627,"unsatisfied"
"95109",18,"Eco",951,"unsatisfied"
"81997",56,"Business",2410,"satisfied"
"10847",64,"Eco",1096,"unsatisfied"
"75796",39,"Eco",416,"satisfied"
"58552",15,"Eco",401,"unsatisfied"
"94933",28,"Business",746,"satisfied"
"9471",43,"Eco",762,"unsatisfied"
"33714",35,"Eco",748,"unsatisfied"
"3649",53,"Eco Plus",853,"unsatisfied"
"80075",46,"Eco Plus",545,"unsatisfied"
"17521",66,"Eco",679,"unsatisfied"
"12530",13,"Eco Plus",458,"unsatisfied"
"15886",28,"Business",2611,"unsatisfied"
"65768",48,"Business",1962,"satisfied"
"94245",30,"Eco",280,"unsatisfied"
"12893",41,"Business",689,"satisfied"
"81969",54,"Eco",1091,"satisfied"
"37856",61,"Eco",1609,"unsatisfied"
"14610",41,"Business",507,"satisfied"
"48268",17,"Eco",744,"unsatisfied"
"62339",14,"Eco",214,"unsatisfied"
"48814",57,"Eco",907,"unsatisfied"
"76991",30,"Eco",361,"unsatisfied"
"78628",54,"Business",2663,"unsatisfied"
"31389",39,"Business",3937,"satisfied"
"103666",51,"Eco",1069,"unsatisfied"
"76202",35,"Business",1055,"unsatisfied"
"73910",60,"Business",677,"satisfied"
"55791",26,"Business",1399,"satisfied"
"54816",45,"Business",1514,"satisfied"
"674",40,"Eco",192,"unsatisfied"
"17674",66,"Eco",783,"unsatisfied"
"61189",9,"Business",985,"unsatisfied"
"59857",9,"Eco",1013,"unsatisfied"
"26234",39,"Eco",438,"unsatisfied"
"25855",26,"Business",3134,"satisfied"
"68747",40,"Eco Plus",639,"satisfied"
"7103",62,"Business",270,"unsatisfied"
"86201",27,"Eco",929,"unsatisfied"
"85279",54,"Eco",241,"satisfied"
"1762",16,"Eco",1014,"unsatisfied"
"27251",35,"Business",2049,"unsatisfied"
"69961",44,"Business",2859,"unsatisfied"
"88698",43,"Eco",1029,"unsatisfied"
"63162",34,"Eco",199,"unsatisfied"
"13344",33,"Eco Plus",1208,"satisfied"
"83956",72,"Business",2083,"unsatisfied"
"97921",31,"Eco",544,"unsatisfied"
"79943",24,"Eco",1037,"unsatisfied"
"1607",43,"Eco",977,"unsatisfied"
"43391",29,"Business",878,"unsatisfied"
"14303",33,"Business",581,"satisfied"
"67147",50,"Business",3268,"unsatisfied"
"99873",27,"Eco Plus",997,"unsatisfied"
"61034",26,"Business",998,"satisfied"
"90361",39,"Eco",1035,"unsatisfied"
"9813",40,"Business",489,"satisfied"
"102375",45,"Business",370,"satisfied"
"99314",15,"Eco",564,"unsatisfied"
"77391",23,"Business",3479,"satisfied"
"68807",55,"Eco",654,"unsatisfied"
"72042",50,"Business",2528,"satisfied"
"90928",39,"Eco Plus",925,"satisfied"
"46339",22,"Business",3459,"satisfied"
"10557",23,"Business",946,"satisfied"
"19807",39,"Business",2302,"unsatisfied"
"91903",23,"Eco",163,"unsatisfied"
"73691",67,"Eco Plus",1504,"unsatisfied"
"46129",24,"Eco",1197,"unsatisfied"
"65308",54,"Business",2973,"unsatisfied"
"28623",22,"Business",247,"satisfied"
"94953",40,"Eco Plus",174,"unsatisfied"
"27955",25,"Eco",641,"satisfied"
"3302",58,"Business",1972,"unsatisfied"
"55209",28,"Eco",2399,"unsatisfied"
"51897",19,"Eco",539,"unsatisfied"
"96062",68,"Eco",925,"unsatisfied"
"1847",53,"Business",3825,"satisfied"
"11276",38,"Eco",679,"unsatisfied"
"60972",25,"Business",3918,"satisfied"
"8412",57,"Business",293,"unsatisfied"
"46971",57,"Eco",1721,"unsatisfied"
"66737",70,"Eco Plus",157,"unsatisfied"
"46355",34,"Business",2139,"unsatisfied"
"18535",14,"Eco",1187,"unsatisfied"
"7111",65,"Eco",594,"unsatisfied"
"72300",30,"Eco",476,"unsatisfied"
"41939",24,"Eco",1261,"unsatisfied"
"85560",22,"Eco",2227,"unsatisfied"
"3366",14,"Eco",599,"unsatisfied"
"66984",17,"Eco Plus",529,"satisfied"
"87078",59,"Eco",691,"unsatisfied"
"12083",45,"Business",373,"satisfied"
"56286",10,"Eco Plus",482,"unsatisfied"
"42481",38,"Business",1235,"unsatisfied"
"96085",43,"Eco",337,"unsatisfied"
"81623",36,"Business",1080,"satisfied"
"42868",30,"Business",989,"satisfied"
"63521",56,"Eco",859,"unsatisfied"
"51186",8,"Eco",1014,"unsatisfied"
"18970",30,"Eco Plus",228,"unsatisfied"
"64687",42,"Eco",406,"unsatisfied"
"49957",52,"Business",1009,"satisfied"
"81019",54,"Eco",818,"satisfied"
"22312",45,"Business",287,"satisfied"
"64353",26,"Eco",1698,"unsatisfied"
"73796",28,"Business",600,"unsatisfied"
"66844",66,"Eco",308,"unsatisfied"
"82487",39,"Eco",670,"unsatisfied"
"20439",47,"Eco Plus",429,"unsatisfied"
"67538",25,"Eco",554,"unsatisfied"
"29708",65,"Eco",552,"unsatisfied"
"3288",42,"Business",3680,"satisfied"
"98520",28,"Business",1773,"unsatisfied"
"11159",46,"Business",3704,"unsatisfied"
"72778",29,"Business",1025,"satisfied"
"101252",56,"Business",1065,"satisfied"
"27644",51,"Eco",674,"satisfied"
"81147",57,"Eco",192,"unsatisfied"
"57436",11,"Eco",255,"unsatisfied"
"40703",42,"Eco",255,"unsatisfied"
"12467",22,"Eco",641,"unsatisfied"
"86872",52,"Business",1773,"satisfied"
"65864",53,"Business",2787,"satisfied"
"43474",69,"Eco",587,"unsatisfied"
"38461",49,"Eco",422,"unsatisfied"
"34622",42,"Eco",1136,"unsatisfied"
"45776",35,"Business",3899,"satisfied"
"15127",51,"Business",323,"satisfied"
"5190",30,"Business",1631,"unsatisfied"
"101849",18,"Eco",67,"unsatisfied"
"13835",21,"Eco",666,"unsatisfied"
"46988",23,"Business",733,"satisfied"
"4798",36,"Eco",2556,"unsatisfied"
"60389",43,"Business",2419,"satisfied"
"10247",38,"Business",2969,"satisfied"
"70345",53,"Business",2878,"satisfied"
"23948",60,"Business",1372,"unsatisfied"
"95993",24,"Business",431,"satisfied"
"53980",21,"Eco",1249,"unsatisfied"
"47840",21,"Business",308,"unsatisfied"
"4343",34,"Business",2708,"unsatisfied"
"81107",23,"Eco",738,"satisfied"
"27682",57,"Business",1089,"unsatisfied"
"46776",76,"Business",362,"unsatisfied"
"58700",17,"Business",134,"unsatisfied"
"82762",34,"Business",534,"unsatisfied"
"43536",43,"Eco",948,"unsatisfied"
"26818",58,"Business",3033,"satisfied"
"30856",26,"Business",1067,"unsatisfied"
"16225",14,"Eco",421,"unsatisfied"
"30552",46,"Business",170,"satisfied"
"528",19,"Eco",888,"unsatisfied"
"90279",43,"Business",2441,"satisfied"
"74686",59,"Eco",1197,"unsatisfied"
"663",26,"Eco",304,"unsatisfied"
"96403",25,"Eco",909,"unsatisfied"
"65228",44,"Business",2181,"satisfied"
"101266",50,"Business",1544,"satisfied"
"59056",11,"Eco",209,"unsatisfied"
"60043",60,"Business",1440,"satisfied"
"86011",27,"Eco",1059,"unsatisfied"
"30481",7,"Eco",86,"unsatisfied"
"66329",42,"Business",3310,"satisfied"
"103789",22,"Eco",86,"unsatisfied"
"28476",39,"Eco",209,"satisfied"
"22232",40,"Eco",432,"unsatisfied"
"90572",29,"Eco Plus",773,"unsatisfied"
"32489",24,"Eco",174,"unsatisfied"
"55439",36,"Eco",447,"unsatisfied"
"25605",67,"Business",642,"unsatisfied"
"100403",47,"Business",157,"satisfied"
"44288",39,"Business",2330,"satisfied"
"16007",40,"Business",2154,"satisfied"
"3802",44,"Eco",986,"satisfied"
"54615",39,"Business",1773,"unsatisfied"
"3632",47,"Business",3289,"satisfied"
"38026",57,"Business",166,"satisfied"
"87836",48,"Business",3390,"satisfied"
"64748",39,"Eco",101,"satisfied"
"16648",42,"Eco",331,"unsatisfied"
"29532",54,"Business",3583,"satisfied"
"39728",31,"Eco",1023,"unsatisfied"
"78590",31,"Eco",1797,"unsatisfied"
"22253",29,"Eco",337,"unsatisfied"
"6502",60,"Business",200,"satisfied"
"3103",31,"Eco",409,"unsatisfied"
"11372",18,"Business",1487,"unsatisfied"
"38557",37,"Business",651,"satisfied"
"32411",57,"Eco",483,"satisfied"
"11080",24,"Eco",109,"unsatisfied"
"20992",40,"Business",1849,"satisfied"
"20316",50,"Business",1754,"satisfied"
"82216",42,"Business",308,"satisfied"
"103617",9,"Eco",409,"unsatisfied"
"17194",37,"Eco Plus",518,"satisfied"
"84846",33,"Eco Plus",127,"satisfied"
"74827",48,"Business",2718,"satisfied"
"86163",14,"Business",3613,"satisfied"
"95938",67,"Eco",448,"unsatisfied"
"51497",35,"Business",1979,"satisfied"
"34565",45,"Eco",1546,"unsatisfied"
"83206",51,"Business",2342,"satisfied"
"81105",14,"Eco",545,"unsatisfied"
"41100",18,"Eco",1259,"unsatisfied"
"41570",36,"Business",190,"unsatisfied"
"87170",61,"Eco",205,"unsatisfied"
"11722",57,"Business",1721,"satisfied"
"63093",47,"Business",2506,"satisfied"
"70619",41,"Business",119,"satisfied"
"62242",39,"Eco",84,"unsatisfied"
"36008",20,"Eco Plus",101,"unsatisfied"
"32798",33,"Eco",594,"unsatisfied"
"71561",52,"Business",1012,"satisfied"
"51264",32,"Eco",616,"unsatisfied"
"59085",45,"Business",1933,"satisfied"
"10075",70,"Eco",752,"unsatisfied"
"62717",51,"Eco",189,"unsatisfied"
"12781",36,"Business",2831,"satisfied"
"75721",35,"Business",1824,"unsatisfied"
"92592",52,"Eco",368,"satisfied"
"36904",37,"Business",308,"satisfied"
"78142",48,"Business",373,"satisfied"
"80774",61,"Eco",631,"satisfied"
"28438",58,"Business",3760,"satisfied"
"85796",45,"Business",1157,"satisfied"
"53937",13,"Eco",285,"unsatisfied"
"34888",43,"Eco",503,"unsatisfied"
"29782",32,"Eco",247,"unsatisfied"
"2038",23,"Eco Plus",679,"unsatisfied"
"70617",47,"Business",869,"unsatisfied"
"71939",37,"Business",356,"unsatisfied"
"74922",27,"Eco",404,"unsatisfied"
"37023",59,"Business",3427,"satisfied"
"25197",26,"Eco",152,"unsatisfied"
"72349",40,"Eco",1024,"unsatisfied"
"55189",71,"Eco Plus",1771,"unsatisfied"
"50939",41,"Business",680,"unsatisfied"
"19460",47,"Eco Plus",689,"unsatisfied"
"58064",48,"Business",3586,"satisfied"
"10355",42,"Business",3262,"satisfied"
"12199",41,"Business",3175,"satisfied"
"99093",8,"Eco",404,"unsatisfied"
"22054",49,"Business",3424,"satisfied"
"26365",53,"Business",802,"satisfied"
"48514",24,"Eco",585,"unsatisfied"
"75557",64,"Eco",1608,"unsatisfied"
"33415",35,"Business",1431,"unsatisfied"
"10870",68,"Eco",305,"unsatisfied"
"2946",38,"Eco",173,"unsatisfied"
"48909",27,"Business",290,"unsatisfied"
"96139",53,"Eco",391,"unsatisfied"
"6440",29,"Business",746,"unsatisfied"
"95749",46,"Business",1789,"satisfied"
"61929",35,"Eco",227,"unsatisfied"
"11621",40,"Business",861,"satisfied"
"82625",11,"Eco",994,"unsatisfied"
"70274",22,"Business",588,"unsatisfied"
"57709",20,"Eco",631,"unsatisfied"
"743",36,"Eco",140,"unsatisfied"
"39798",46,"Business",2521,"satisfied"
"17890",21,"Eco",1482,"unsatisfied"
"11683",30,"Business",1797,"satisfied"
"44850",53,"Business",1464,"satisfied"
"101068",17,"Eco Plus",395,"unsatisfied"
"73864",25,"Eco",663,"unsatisfied"
"76393",47,"Eco",631,"unsatisfied"
"74868",37,"Business",1992,"satisfied"
"1873",28,"Business",666,"satisfied"
"55970",47,"Eco",1076,"satisfied"
"29127",49,"Eco",201,"unsatisfied"
"23053",25,"Business",2881,"unsatisfied"
"20876",19,"Eco Plus",554,"unsatisfied"
"38288",12,"Eco",372,"unsatisfied"
"53510",20,"Eco",512,"unsatisfied"
"64593",45,"Eco",853,"unsatisfied"
"41311",53,"Business",1712,"satisfied"
"56107",39,"Business",3762,"unsatisfied"
"92872",26,"Business",594,"unsatisfied"
"32727",34,"Business",1590,"unsatisfied"
"22510",37,"Business",335,"unsatisfied"
"85044",47,"Business",328,"unsatisfied"
"37135",20,"Eco",226,"unsatisfied"
"6877",26,"Business",2105,"unsatisfied"
"59990",29,"Business",469,"unsatisfied"
"59280",23,"Eco",1739,"unsatisfied"
"10956",42,"Business",846,"satisfied"
"73289",9,"Eco",429,"satisfied"
"27949",67,"Eco",621,"unsatisfied"
"30696",63,"Business",3947,"satisfied"
"49724",69,"Eco",679,"satisfied"
"55547",37,"Business",992,"satisfied"
"77514",34,"Eco",594,"unsatisfied"
"970",58,"Business",158,"unsatisfied"
"52171",66,"Eco",647,"unsatisfied"
"6668",16,"Eco",507,"unsatisfied"
"34648",41,"Business",279,"unsatisfied"
"73284",48,"Business",748,"satisfied"
"101730",42,"Eco",187,"unsatisfied"
"94401",40,"Business",347,"unsatisfied"
"60400",22,"Eco Plus",1262,"satisfied"
"30247",58,"Business",679,"satisfied"
"18907",31,"Eco",159,"unsatisfied"
"90117",67,"Eco",853,"unsatisfied"
"92585",24,"Eco",651,"unsatisfied"
"83957",57,"Business",3363,"unsatisfied"
"89306",31,"Eco Plus",1126,"unsatisfied"
"91974",22,"Eco",227,"satisfied"
"56571",27,"Eco",383,"unsatisfied"
"69824",45,"Eco",255,"unsatisfied"
"85839",47,"Business",3435,"unsatisfied"
"64067",58,"Business",3103,"satisfied"
"38269",44,"Eco",967,"satisfied"
"66149",56,"Business",448,"satisfied"
"59494",51,"Business",2402,"satisfied"
"96065",57,"Business",3649,"satisfied"
"30504",22,"Eco",717,"unsatisfied"
"91822",35,"Business",1400,"unsatisfied"
"42842",61,"Eco",373,"unsatisfied"
"58455",43,"Business",366,"unsatisfied"
"36517",36,"Business",1189,"satisfied"
"70360",42,"Business",1448,"satisfied"
"39739",23,"Business",1476,"satisfied"
"62025",68,"Eco",303,"unsatisfied"
"90897",68,"Eco",1187,"unsatisfied"
"54222",48,"Business",1497,"satisfied"
"8561",27,"Business",1915,"satisfied"
"64765",43,"Eco",223,"satisfied"
"46600",54,"Business",1871,"satisfied"
"25356",58,"Business",1012,"satisfied"
"24056",47,"Business",1748,"satisfied"
"14130",57,"Business",3751,"satisfied"
"90291",47,"Business",439,"satisfied"
"36997",55,"Eco",700,"unsatisfied"
"24247",31,"Eco",937,"unsatisfied"
"99132",40,"Eco",210,"unsatisfied"
"55663",11,"Eco",1471,"unsatisfied"
"92138",26,"Business",528,"unsatisfied"
"17161",44,"Business",2621,"satisfied"
"13073",59,"Business",1758,"satisfied"
"17770",23,"Eco",859,"satisfied"
"67941",48,"Eco",841,"unsatisfied"
"26557",8,"Eco",438,"unsatisfied"
"61024",17,"Business",529,"unsatisfied"
"13596",55,"Business",762,"satisfied"
"21727",21,"Business",283,"satisfied"
"61198",69,"Business",2531,"unsatisfied"
"24799",23,"Eco",862,"unsatisfied"
"72029",19,"Eco",516,"unsatisfied"
"75273",45,"Business",2301,"satisfied"
"55886",23,"Business",335,"satisfied"
"83013",11,"Eco Plus",569,"unsatisfied"
"39907",24,"Eco",262,"unsatisfied"
"60224",23,"Eco",731,"unsatisfied"
"2873",49,"Business",226,"satisfied"
"11181",48,"Business",3510,"satisfied"
"91090",57,"Business",1400,"satisfied"
"70827",65,"Eco",1363,"unsatisfied"
"102255",43,"Eco",554,"unsatisfied"
"84111",55,"Eco",777,"unsatisfied"
"41237",23,"Eco",515,"satisfied"
"91497",35,"Eco Plus",271,"unsatisfied"
"28528",38,"Eco",987,"unsatisfied"
"85565",41,"Business",495,"satisfied"
"41277",34,"Eco",153,"unsatisfied"
"46999",70,"Eco",412,"unsatisfied"
"39196",59,"Business",2307,"unsatisfied"
"81028",35,"Eco",363,"unsatisfied"
"71581",57,"Business",2603,"unsatisfied"
"61911",46,"Business",3947,"satisfied"
"9042",64,"Eco",599,"unsatisfied"
"6145",39,"Eco",516,"unsatisfied"
"24008",24,"Eco",651,"unsatisfied"
"90638",17,"Eco",921,"unsatisfied"
"100616",33,"Business",3381,"unsatisfied"
"56511",8,"Eco Plus",985,"unsatisfied"
"69695",33,"Business",2456,"satisfied"
"44198",46,"Eco",1105,"satisfied"
"30699",62,"Business",3689,"unsatisfied"
"78373",34,"Business",2711,"satisfied"
"70787",51,"Business",2565,"satisfied"
"77923",54,"Business",1124,"unsatisfied"
"28283",37,"Business",936,"unsatisfied"
"77821",52,"Eco Plus",674,"satisfied"
"68739",56,"Business",3179,"satisfied"
"82694",37,"Eco",868,"unsatisfied"
"90831",38,"Eco",236,"unsatisfied"
"5087",46,"Business",2938,"satisfied"
"95123",36,"Eco",541,"unsatisfied"
"74851",56,"Business",3540,"satisfied"
"1936",57,"Business",700,"unsatisfied"
"14987",41,"Eco",366,"unsatisfied"
"12492",58,"Business",772,"satisfied"
"61222",42,"Business",1269,"satisfied"
"85854",27,"Eco",1416,"unsatisfied"
"22549",9,"Eco",583,"unsatisfied"
"84095",55,"Eco",611,"unsatisfied"
"74516",33,"Business",327,"unsatisfied"
"4399",66,"Business",775,"unsatisfied"
"43202",51,"Business",2574,"satisfied"
"32485",68,"Eco",143,"unsatisfied"
"54516",22,"Business",2448,"satisfied"
"2959",39,"Business",302,"satisfied"
"67672",63,"Business",102,"satisfied"
"93354",16,"Eco",420,"unsatisfied"
"9940",7,"Eco",247,"unsatisfied"
"21650",39,"Eco",1068,"unsatisfied"
"55081",59,"Business",226,"satisfied"
"62459",68,"Eco",287,"unsatisfied"
"62301",44,"Eco",676,"satisfied"
"27655",46,"Eco",936,"unsatisfied"
"79336",25,"Eco",147,"satisfied"
"29169",38,"Business",240,"unsatisfied"
"5456",14,"Eco",366,"unsatisfied"
"2021",49,"Eco",361,"unsatisfied"
"7432",61,"Eco",1045,"unsatisfied"
"47155",51,"Business",1844,"satisfied"
"52920",30,"Eco",250,"unsatisfied"
"11274",53,"Eco",433,"satisfied"
"3527",58,"Business",1471,"satisfied"
"55153",19,"Eco",991,"unsatisfied"
"64715",39,"Business",1947,"satisfied"
"74829",58,"Eco",845,"satisfied"
"2173",42,"Business",489,"unsatisfied"
"51863",25,"Business",2689,"satisfied"
"28362",38,"Business",2661,"satisfied"
"87123",48,"Business",1224,"unsatisfied"
"56442",66,"Eco",547,"unsatisfied"
"6207",20,"Eco Plus",370,"unsatisfied"
"15786",19,"Eco",1626,"satisfied"
"18608",55,"Eco",229,"satisfied"
"26198",38,"Business",925,"unsatisfied"
"5301",25,"Eco",1009,"unsatisfied"
"48220",66,"Eco",599,"unsatisfied"
"11918",43,"Eco",372,"unsatisfied"
"3493",56,"Business",1608,"unsatisfied"
"77396",58,"Business",545,"satisfied"
"64348",78,"Eco",129,"satisfied"
"46697",40,"Business",2613,"satisfied"
"34454",26,"Eco",399,"unsatisfied"
"8314",69,"Eco",387,"unsatisfied"
"16123",59,"Eco",96,"unsatisfied"
"10729",45,"Business",3652,"satisfied"
"61723",32,"Business",1452,"satisfied"
"37223",57,"Business",3488,"unsatisfied"
"22340",20,"Eco",587,"unsatisfied"
"60393",72,"Eco",387,"unsatisfied"
"58204",11,"Eco",621,"unsatisfied"
"27772",40,"Business",954,"satisfied"
"63137",52,"Business",2253,"satisfied"
"44587",39,"Eco",201,"satisfied"
"14174",21,"Eco",562,"satisfied"
"10597",30,"Eco",589,"unsatisfied"
"15656",24,"Business",600,"satisfied"
"43972",50,"Business",414,"satisfied"
"21811",41,"Eco",954,"satisfied"
"102912",56,"Eco",990,"unsatisfied"
"73598",26,"Eco",139,"unsatisfied"
"98400",44,"Business",946,"unsatisfied"
"15850",40,"Eco",447,"unsatisfied"
"9013",58,"Eco",372,"unsatisfied"
"71676",12,"Business",873,"unsatisfied"
"44349",49,"Eco",1569,"satisfied"
"91418",20,"Eco",1379,"satisfied"
"80500",48,"Business",1005,"satisfied"
"51002",48,"Business",883,"satisfied"
"33497",23,"Eco",273,"unsatisfied"
"12301",23,"Eco",438,"unsatisfied"
"2539",34,"Eco",776,"unsatisfied"
"53998",47,"Eco Plus",399,"unsatisfied"
"1055",18,"Eco",236,"unsatisfied"
"5751",39,"Business",3938,"satisfied"
"54789",48,"Eco",888,"unsatisfied"
"22262",60,"Eco",484,"unsatisfied"
"20390",27,"Business",1546,"unsatisfied"
"49755",27,"Business",3424,"satisfied"
"45075",42,"Business",558,"satisfied"
"99786",23,"Eco",867,"unsatisfied"
"102760",27,"Business",184,"satisfied"
"101082",61,"Eco",899,"unsatisfied"
"87382",41,"Business",1334,"satisfied"
"93307",25,"Eco",427,"unsatisfied"
"68395",44,"Business",1021,"satisfied"
"26024",11,"Eco",1598,"unsatisfied"
"90335",18,"Eco Plus",1487,"satisfied"
"474",44,"Business",3979,"satisfied"
"70382",33,"Eco",89,"unsatisfied"
"46804",33,"Eco",337,"unsatisfied"
"44140",10,"Eco",1192,"unsatisfied"
"37425",25,"Business",546,"unsatisfied"
"88317",26,"Business",364,"unsatisfied"
"100381",42,"Business",2449,"satisfied"
"33445",37,"Business",300,"satisfied"
"38942",44,"Business",2060,"unsatisfied"
"37175",25,"Eco",447,"unsatisfied"
"39374",49,"Business",3491,"satisfied"
"48956",24,"Eco Plus",644,"satisfied"
"65852",43,"Business",888,"satisfied"
"91990",31,"Business",403,"satisfied"
"74343",61,"Business",3204,"satisfied"
"58974",62,"Eco",190,"unsatisfied"
"98726",32,"Eco",624,"unsatisfied"
"81938",37,"Eco",602,"unsatisfied"
"63262",24,"Eco",773,"unsatisfied"
"18669",9,"Eco",789,"unsatisfied"
"87881",37,"Eco",1034,"satisfied"
"85471",15,"Eco Plus",2182,"unsatisfied"
"84121",53,"Business",868,"satisfied"
"80428",29,"Business",2133,"satisfied"
"30677",22,"Eco",102,"unsatisfied"
"75082",35,"Eco Plus",605,"satisfied"
"39794",10,"Eco",944,"unsatisfied"
"93231",56,"Business",1950,"unsatisfied"
"6531",30,"Business",2586,"satisfied"
"82608",60,"Business",268,"satisfied"
"103525",31,"Eco",866,"unsatisfied"
"71967",57,"Business",2556,"satisfied"
"12724",25,"Eco",813,"unsatisfied"
"1004",56,"Eco",589,"unsatisfied"
"59924",16,"Eco",234,"unsatisfied"
"85830",69,"Eco",1005,"unsatisfied"
"36840",39,"Business",3361,"satisfied"
"99414",33,"Eco",427,"unsatisfied"
"98874",44,"Eco",715,"unsatisfied"
"16491",22,"Eco",704,"unsatisfied"
"4392",20,"Eco",1481,"satisfied"
"39077",9,"Eco",295,"unsatisfied"
"29649",9,"Eco",164,"unsatisfied"
"13741",29,"Eco Plus",771,"unsatisfied"
"35153",19,"Eco Plus",625,"unsatisfied"
"103668",48,"Business",2603,"satisfied"
"103240",33,"Business",2512,"unsatisfied"
"72770",48,"Business",1346,"unsatisfied"
"8259",23,"Eco",301,"unsatisfied"
"39842",42,"Eco",580,"unsatisfied"
"61262",24,"Eco",866,"unsatisfied"
"93361",36,"Eco",954,"satisfied"
"50366",51,"Business",2283,"satisfied"
"27351",45,"Eco",214,"satisfied"
"70181",42,"Eco",364,"unsatisfied"
"31845",22,"Eco Plus",1149,"unsatisfied"
"42752",58,"Business",1620,"unsatisfied"
"27268",52,"Business",1562,"satisfied"
"102729",27,"Business",1426,"satisfied"
"97514",77,"Eco",2276,"unsatisfied"
"95934",35,"Eco",2304,"satisfied"
"44320",37,"Business",3592,"unsatisfied"
"62966",28,"Eco",2475,"unsatisfied"
"59125",42,"Eco",228,"satisfied"
"54860",28,"Business",1598,"satisfied"
"39546",39,"Business",1337,"satisfied"
"82771",50,"Eco Plus",862,"satisfied"
"74599",37,"Eco",432,"unsatisfied"
"11496",35,"Business",1068,"unsatisfied"
"78252",18,"Business",2120,"unsatisfied"
"84287",35,"Business",2267,"unsatisfied"
"93714",45,"Business",3447,"satisfied"
"39808",38,"Eco",157,"unsatisfied"
"33058",39,"Business",1372,"satisfied"
"14257",31,"Business",1992,"unsatisfied"
"15835",25,"Eco",563,"unsatisfied"
"80205",24,"Eco",1943,"unsatisfied"
"93874",38,"Eco",1608,"unsatisfied"
"82302",68,"Eco Plus",1953,"satisfied"
"102407",30,"Business",3578,"satisfied"
"40522",53,"Business",108,"satisfied"
"84428",52,"Eco",606,"unsatisfied"
"74784",54,"Eco",799,"unsatisfied"
"37983",56,"Business",3561,"satisfied"
"100499",34,"Business",1525,"satisfied"
"11608",62,"Business",201,"satisfied"
"42632",65,"Eco Plus",204,"unsatisfied"
"25641",47,"Business",990,"satisfied"
"16151",23,"Eco",236,"unsatisfied"
"64772",20,"Eco",912,"unsatisfied"
"68506",53,"Eco",759,"satisfied"
"47296",34,"Business",2324,"satisfied"
"34503",13,"Eco",101,"unsatisfied"
"5247",46,"Business",503,"satisfied"
"23979",51,"Business",2901,"unsatisfied"
"81124",33,"Eco",86,"satisfied"
"85844",56,"Eco Plus",295,"unsatisfied"
"16444",58,"Business",587,"satisfied"
"24256",46,"Eco",678,"unsatisfied"
"37225",26,"Business",954,"satisfied"
"76264",26,"Business",868,"unsatisfied"
"77393",56,"Eco",599,"unsatisfied"
"59424",38,"Eco Plus",406,"unsatisfied"
"94535",61,"Eco",337,"unsatisfied"
"10865",61,"Eco",1773,"unsatisfied"
"25944",12,"Eco",224,"unsatisfied"
"23947",39,"Business",1107,"satisfied"
"62650",16,"Eco",852,"unsatisfied"
"26711",58,"Business",3273,"satisfied"
"84118",27,"Business",764,"satisfied"
"46415",61,"Eco Plus",404,"unsatisfied"
"69729",60,"Business",3495,"satisfied"
"55587",33,"Eco",677,"unsatisfied"
"4427",32,"Eco",1127,"satisfied"
"26921",40,"Eco",852,"satisfied"
"90384",51,"Eco",116,"unsatisfied"
"66390",42,"Business",3667,"unsatisfied"
"3831",11,"Eco",1034,"unsatisfied"
"90824",50,"Business",986,"unsatisfied"
"74634",42,"Eco",983,"satisfied"
"20517",54,"Business",1670,"satisfied"
"77902",24,"Eco",224,"unsatisfied"
"94045",40,"Eco",250,"satisfied"
"30463",16,"Eco",589,"unsatisfied"
"44780",37,"Eco",462,"unsatisfied"
"91916",46,"Business",745,"satisfied"
"12426",42,"Business",3044,"satisfied"
"73404",54,"Eco",1460,"unsatisfied"
"100957",40,"Business",651,"satisfied"
"63730",38,"Business",912,"satisfied"
"47741",14,"Eco",1046,"unsatisfied"
"94402",35,"Eco",566,"satisfied"
"53525",49,"Eco Plus",980,"unsatisfied"
"55247",39,"Business",1024,"satisfied"
"1158",26,"Eco",349,"unsatisfied"
"31322",22,"Eco",234,"unsatisfied"
"29049",56,"Eco",309,"unsatisfied"
"63811",48,"Eco",867,"satisfied"
"48374",20,"Eco",1046,"unsatisfied"
"42434",53,"Business",628,"satisfied"
"50189",43,"Business",2732,"satisfied"
"6239",47,"Business",2555,"unsatisfied"
"78150",60,"Business",3838,"satisfied"
"97950",42,"Business",631,"satisfied"
"83753",41,"Business",2205,"satisfied"
"5932",42,"Business",3234,"unsatisfied"
"40322",15,"Eco",1127,"unsatisfied"
"91324",26,"Eco",675,"unsatisfied"
"59305",43,"Business",1372,"unsatisfied"
"62574",36,"Eco",989,"unsatisfied"
"102220",22,"Eco",550,"unsatisfied"
"40859",40,"Business",3415,"satisfied"
"96946",30,"Eco",507,"unsatisfied"
"54428",25,"Eco",1440,"satisfied"
"37807",43,"Eco",157,"unsatisfied"
"19126",17,"Eco",301,"unsatisfied"
"40645",38,"Business",2323,"satisfied"
"80932",47,"Business",930,"satisfied"
"11204",37,"Eco Plus",628,"unsatisfied"
"47770",30,"Eco",189,"unsatisfied"
"89167",35,"Eco",404,"unsatisfied"
"78512",21,"Eco",529,"satisfied"
"97341",58,"Business",1812,"satisfied"
"21512",34,"Business",2965,"satisfied"
"44818",7,"Business",853,"unsatisfied"
"96271",21,"Business",1407,"satisfied"
"32674",17,"Eco Plus",541,"unsatisfied"
"45081",35,"Eco",1056,"unsatisfied"
"72890",47,"Business",2647,"satisfied"
"27649",49,"Eco",634,"satisfied"
"80200",24,"Eco",666,"unsatisfied"
"75437",34,"Business",925,"satisfied"
"51048",48,"Eco",429,"satisfied"
"98476",7,"Eco",1069,"unsatisfied"
"61637",69,"Business",3766,"unsatisfied"
"87706",35,"Business",3373,"satisfied"
"22094",44,"Eco",265,"satisfied"
"27294",31,"Business",2288,"unsatisfied"
"61496",25,"Eco",348,"unsatisfied"
"40116",52,"Business",3524,"satisfied"
"74885",40,"Business",621,"satisfied"
"60492",64,"Eco",366,"satisfied"
"68595",54,"Eco",862,"satisfied"
"63327",55,"Business",2004,"satisfied"
"84952",23,"Business",3917,"satisfied"
"78753",47,"Eco",448,"unsatisfied"
"80222",66,"Eco",550,"satisfied"
"6078",61,"Eco",1250,"unsatisfied"
"5525",41,"Business",829,"satisfied"
"9321",47,"Eco",429,"satisfied"
"76146",56,"Business",2846,"satisfied"
"46152",55,"Business",1670,"satisfied"
"87038",37,"Business",2547,"satisfied"
"98213",48,"Business",2215,"satisfied"
"82994",49,"Business",3563,"satisfied"
"84004",35,"Business",589,"unsatisfied"
"62539",45,"Business",1521,"satisfied"
"98975",37,"Business",728,"unsatisfied"
"83722",60,"Eco",501,"satisfied"
"33602",25,"Business",1020,"unsatisfied"
"75894",23,"Business",1939,"satisfied"
"11117",58,"Business",2475,"satisfied"
"7807",24,"Eco",792,"satisfied"
"61620",42,"Eco",570,"unsatisfied"
"77525",48,"Business",2581,"unsatisfied"
"4356",29,"Business",1090,"satisfied"
"3855",25,"Eco",581,"satisfied"
"10491",22,"Eco",1069,"unsatisfied"
"67282",34,"Business",1127,"satisfied"
"86033",49,"Business",3568,"satisfied"
"30922",22,"Eco",271,"unsatisfied"
"5103",54,"Business",1855,"satisfied"
"65823",50,"Business",2034,"satisfied"
"68602",49,"Business",3233,"satisfied"
"62498",30,"Eco",2173,"unsatisfied"
"65174",24,"Eco",581,"unsatisfied"
"18818",72,"Business",2241,"unsatisfied"
"62877",40,"Eco",319,"satisfied"
"8313",22,"Eco Plus",641,"unsatisfied"
"53636",29,"Eco",2253,"unsatisfied"
"68499",36,"Business",2435,"satisfied"
"46191",36,"Business",2411,"unsatisfied"
"1042",37,"Eco",399,"unsatisfied"
"68750",62,"Business",2447,"unsatisfied"
"7902",21,"Eco",503,"unsatisfied"
"80605",20,"Eco",1297,"satisfied"
"27837",34,"Business",3392,"unsatisfied"
"59563",52,"Eco",235,"unsatisfied"
"22342",31,"Eco",700,"unsatisfied"
"98556",55,"Eco",277,"unsatisfied"
"94546",60,"Business",239,"satisfied"
"55156",50,"Business",3007,"satisfied"
"30827",59,"Business",73,"satisfied"
"80342",59,"Business",594,"satisfied"
"66500",21,"Business",3940,"satisfied"
"100720",66,"Business",1679,"unsatisfied"
"102663",7,"Eco",95,"unsatisfied"
"23797",26,"Eco",1026,"unsatisfied"
"48104",44,"Business",2075,"satisfied"
"33495",21,"Business",345,"unsatisfied"
"78696",47,"Business",294,"satisfied"
"10118",18,"Eco",547,"unsatisfied"
"31519",54,"Eco",1075,"satisfied"
"2936",42,"Eco",259,"unsatisfied"
"19711",37,"Eco Plus",230,"unsatisfied"
"15215",53,"Business",3680,"satisfied"
"102776",22,"Eco",261,"unsatisfied"
"92075",22,"Eco",630,"unsatisfied"
"59898",49,"Business",650,"satisfied"
"79828",42,"Eco",986,"unsatisfied"
"2665",54,"Business",1096,"satisfied"
"7395",30,"Business",1627,"satisfied"
"7284",63,"Business",200,"unsatisfied"
"50313",32,"Business",113,"satisfied"
"35846",61,"Eco",240,"unsatisfied"
"39371",67,"Eco",481,"unsatisfied"
"21904",35,"Business",2905,"satisfied"
"12539",54,"Business",3718,"unsatisfied"
"46226",36,"Eco",857,"unsatisfied"
"76445",25,"Eco",83,"unsatisfied"
"52159",26,"Business",2365,"satisfied"
"15971",60,"Business",1825,"satisfied"
"91630",44,"Business",1123,"unsatisfied"
"20002",19,"Eco",1144,"unsatisfied"
"22363",33,"Business",605,"unsatisfied"
"260",45,"Eco",550,"satisfied"
"77057",36,"Business",502,"unsatisfied"
"17394",16,"Business",3072,"satisfied"
"74400",21,"Business",1121,"satisfied"
"95051",58,"Business",3584,"unsatisfied"
"25306",39,"Business",448,"satisfied"
"45311",30,"Business",719,"satisfied"
"1274",29,"Eco",602,"unsatisfied"
"67259",36,"Business",2586,"unsatisfied"
"64965",47,"Business",214,"satisfied"
"35255",44,"Business",248,"satisfied"
"7188",52,"Business",1831,"satisfied"
"98293",33,"Eco",214,"unsatisfied"
"37491",44,"Business",846,"satisfied"
"57551",55,"Business",1760,"satisfied"
"5",61,"Business",214,"satisfied"
"67530",50,"Eco",125,"unsatisfied"
"49603",25,"Business",414,"unsatisfied"
"69493",24,"Business",3453,"satisfied"
"27134",22,"Eco",781,"satisfied"
"37971",16,"Eco",1746,"unsatisfied"
"18015",20,"Eco",67,"unsatisfied"
"64964",33,"Business",612,"unsatisfied"
"5072",45,"Business",541,"satisfied"
"22158",68,"Eco Plus",368,"unsatisfied"
"16438",47,"Eco",651,"unsatisfied"
"11390",66,"Business",2986,"unsatisfied"
"45324",64,"Business",240,"unsatisfied"
"718",32,"Business",3802,"satisfied"
"11004",20,"Eco",853,"satisfied"
"3009",8,"Eco Plus",368,"unsatisfied"
"52745",21,"Eco",2079,"unsatisfied"
"45204",48,"Business",2182,"satisfied"
"63639",40,"Business",1927,"satisfied"
"33967",59,"Eco",337,"unsatisfied"
"74467",22,"Eco",251,"unsatisfied"
"27353",16,"Eco",1514,"unsatisfied"
"83789",59,"Eco",214,"unsatisfied"
"86123",16,"Eco",549,"unsatisfied"
"75088",19,"Eco",1009,"unsatisfied"
"44511",65,"Eco",1824,"unsatisfied"
"27743",47,"Business",2556,"unsatisfied"
"9247",55,"Business",2237,"satisfied"
"543",40,"Business",3011,"satisfied"
"82443",67,"Eco",2611,"unsatisfied"
"62141",55,"Eco",1440,"unsatisfied"
"48129",40,"Business",888,"unsatisfied"
"26802",40,"Eco",626,"satisfied"
"50240",47,"Business",2459,"satisfied"
"32668",49,"Business",3249,"unsatisfied"
"43979",50,"Business",226,"satisfied"
"28601",53,"Business",3137,"satisfied"
"60549",28,"Business",3098,"unsatisfied"
"50888",49,"Business",1085,"satisfied"
"44334",40,"Eco Plus",373,"satisfied"
"32463",60,"Business",3983,"satisfied"
"4547",33,"Eco",119,"unsatisfied"
"77947",51,"Business",3275,"satisfied"
"55117",17,"Eco",641,"unsatisfied"
"85562",7,"Eco",416,"unsatisfied"
"75777",27,"Eco",918,"unsatisfied"
"38048",43,"Eco Plus",214,"unsatisfied"
"13239",8,"Eco",674,"unsatisfied"
"17427",12,"Eco",2125,"satisfied"
"83524",23,"Business",594,"satisfied"
"30318",33,"Eco",188,"unsatisfied"
"40811",44,"Business",192,"satisfied"
"8509",52,"Business",2793,"satisfied"
"40441",59,"Eco",1024,"satisfied"
"2421",47,"Eco",1217,"unsatisfied"
"58543",52,"Business",328,"satisfied"
"45585",47,"Eco",1096,"unsatisfied"
"85369",30,"Eco",472,"unsatisfied"
"3178",58,"Eco",358,"unsatisfied"
"38577",37,"Eco Plus",1024,"satisfied"
"73560",24,"Eco Plus",450,"unsatisfied"
"22928",28,"Business",693,"satisfied"
"53232",30,"Business",1565,"satisfied"
"89178",38,"Eco",163,"satisfied"
"39214",46,"Business",2409,"satisfied"
"23331",45,"Eco",260,"satisfied"
"99393",22,"Eco",2475,"unsatisfied"
"58214",48,"Eco",130,"unsatisfied"
"54474",22,"Eco",821,"unsatisfied"
"21719",21,"Eco",913,"unsatisfied"
"68117",52,"Eco",417,"unsatisfied"
"97049",35,"Business",2586,"satisfied"
"61111",44,"Eco",862,"unsatisfied"
"65591",29,"Business",682,"unsatisfied"
"84999",23,"Eco",590,"unsatisfied"
"54361",49,"Business",1853,"satisfied"
"12143",56,"Business",2585,"unsatisfied"
"46118",12,"Business",1999,"unsatisfied"
"14834",49,"Eco",296,"unsatisfied"
"75195",54,"Business",516,"satisfied"
"66446",70,"Eco",340,"unsatisfied"
"62120",52,"Eco",342,"unsatisfied"
"7831",35,"Eco Plus",526,"unsatisfied"
"19193",26,"Eco",2762,"unsatisfied"
"13700",44,"Business",2933,"satisfied"
"95213",50,"Eco",101,"unsatisfied"
"77470",39,"Business",594,"satisfied"
"47782",45,"Eco",1211,"unsatisfied"
"74666",46,"Business",2542,"satisfied"
"76594",32,"Eco",562,"unsatisfied"
"48498",49,"Business",3351,"satisfied"
"90274",28,"Eco",516,"unsatisfied"
"1962",53,"Business",1963,"satisfied"
"46494",40,"Eco",700,"unsatisfied"
"3957",46,"Business",259,"satisfied"
"39962",45,"Eco",399,"unsatisfied"
"68716",36,"Eco",526,"unsatisfied"
"98429",55,"Eco",273,"unsatisfied"
"35850",47,"Eco",358,"unsatisfied"
"54906",12,"Eco",983,"unsatisfied"
"3386",20,"Eco",370,"unsatisfied"
"54158",63,"Eco",325,"unsatisfied"
"33101",57,"Business",3579,"satisfied"
"40884",17,"Eco",192,"unsatisfied"
"80102",59,"Business",1576,"satisfied"
"88916",30,"Business",589,"satisfied"
"26260",26,"Eco",305,"unsatisfied"
"16245",67,"Eco",187,"unsatisfied"
"93868",21,"Eco Plus",397,"unsatisfied"
"26808",20,"Business",483,"unsatisfied"
"83955",51,"Business",1542,"satisfied"
"101740",35,"Eco",290,"unsatisfied"
"61476",36,"Eco",190,"unsatisfied"
"28638",58,"Business",1946,"satisfied"
"67939",56,"Business",606,"unsatisfied"
"20997",58,"Business",129,"satisfied"
"53039",25,"Business",204,"satisfied"
"71394",32,"Eco",259,"satisfied"
"76966",27,"Eco",354,"unsatisfied"
"2422",40,"Business",2475,"satisfied"
"53847",42,"Business",3613,"unsatisfied"
"90066",40,"Business",2457,"satisfied"
"60642",51,"Business",759,"unsatisfied"
"38088",52,"Business",258,"satisfied"
"91730",21,"Eco",1379,"unsatisfied"
"28260",32,"Business",3140,"satisfied"
"55935",29,"Business",2640,"unsatisfied"
"30455",59,"Business",3466,"satisfied"
"31460",35,"Business",2714,"unsatisfied"
"3798",23,"Eco",133,"unsatisfied"
"24482",49,"Business",1504,"satisfied"
"70441",28,"Business",618,"satisfied"
"48123",35,"Eco",370,"unsatisfied"
"40040",16,"Business",1912,"unsatisfied"
"98794",26,"Business",936,"unsatisfied"
"89058",51,"Eco",319,"unsatisfied"
"77989",33,"Eco Plus",198,"unsatisfied"
"66242",26,"Eco",1008,"satisfied"
"98918",58,"Eco",1597,"unsatisfied"
"34148",25,"Eco",851,"unsatisfied"
"79120",41,"Eco",539,"satisfied"
"6402",51,"Business",2800,"satisfied"
"76014",53,"Eco",1133,"unsatisfied"
"52625",52,"Business",3309,"satisfied"
"16294",54,"Business",804,"satisfied"
"87784",72,"Eco",1670,"unsatisfied"
"84978",64,"Eco Plus",1080,"unsatisfied"
"99760",40,"Eco",2611,"unsatisfied"
"85792",22,"Eco",1015,"unsatisfied"
"60904",57,"Business",2170,"satisfied"
"25479",54,"Business",2726,"satisfied"
"89475",7,"Business",895,"unsatisfied"
"77138",39,"Eco",761,"unsatisfied"
"61053",44,"Eco",576,"satisfied"
"90649",49,"Business",2674,"satisfied"
"42623",45,"Eco",986,"unsatisfied"
"84612",39,"Business",621,"satisfied"
"94483",43,"Business",1599,"satisfied"
"20644",51,"Business",1449,"satisfied"
"87668",48,"Business",3198,"satisfied"
"5872",44,"Business",2182,"satisfied"
"100328",41,"Eco",2106,"unsatisfied"
"55395",35,"Business",1637,"satisfied"
"17156",56,"Business",1188,"unsatisfied"
"53488",20,"Eco",305,"unsatisfied"
"54579",51,"Eco Plus",500,"unsatisfied"
"66814",46,"Business",3109,"unsatisfied"
"89433",34,"Business",1535,"satisfied"
"23568",25,"Eco",591,"unsatisfied"
"100837",53,"Eco",101,"satisfied"
"91975",30,"Business",369,"unsatisfied"
"62126",47,"Business",403,"satisfied"
"41721",24,"Eco",2133,"unsatisfied"
"5264",34,"Business",3444,"satisfied"
"76810",40,"Business",620,"satisfied"
"35321",41,"Business",1119,"satisfied"
"20230",40,"Business",1544,"satisfied"
"13452",66,"Eco",317,"unsatisfied"
"58909",23,"Eco",639,"satisfied"
"9411",22,"Eco",214,"satisfied"
"101112",19,"Eco",818,"unsatisfied"
"67377",58,"Eco",473,"unsatisfied"
"89574",37,"Eco Plus",669,"unsatisfied"
"66808",44,"Eco",1216,"unsatisfied"
"10330",37,"Eco",461,"satisfied"
"46781",50,"Business",1773,"satisfied"
"67250",35,"Eco Plus",270,"unsatisfied"
"103541",33,"Eco",359,"unsatisfied"
"74000",40,"Business",1671,"satisfied"
"77000",50,"Eco",533,"unsatisfied"
"102391",18,"Business",2671,"unsatisfied"
"36854",59,"Eco",1426,"unsatisfied"
"84002",55,"Business",3784,"satisfied"
"26753",19,"Business",1447,"satisfied"
"67140",23,"Eco",2562,"satisfied"
"38443",39,"Business",370,"satisfied"
"2910",58,"Eco",184,"unsatisfied"
"98150",19,"Eco",731,"unsatisfied"
"27470",59,"Business",3886,"satisfied"
"19698",55,"Business",240,"unsatisfied"
"18059",41,"Business",1543,"satisfied"
"80295",40,"Eco",2052,"unsatisfied"
"60334",22,"Eco",272,"unsatisfied"
"17138",25,"Business",2182,"unsatisfied"
"36933",58,"Eco",550,"unsatisfied"
"66348",51,"Eco",674,"unsatisfied"
"79008",58,"Business",391,"satisfied"
"10454",57,"Eco",1562,"satisfied"
"92161",30,"Business",466,"satisfied"
"26379",48,"Eco Plus",1597,"satisfied"
"87949",44,"Business",2268,"satisfied"
"22382",55,"Eco",163,"unsatisfied"
"48576",21,"Eco",785,"unsatisfied"
"3642",28,"Eco",408,"unsatisfied"
"77580",15,"Eco",820,"unsatisfied"
"73984",77,"Business",1506,"unsatisfied"
"32900",50,"Business",594,"satisfied"
"57201",55,"Business",2879,"unsatisfied"
"49788",43,"Eco",543,"unsatisfied"
"10267",23,"Eco",199,"satisfied"
"95473",22,"Business",646,"satisfied"
"94044",24,"Eco Plus",1192,"unsatisfied"
"75853",9,"Eco Plus",1892,"unsatisfied"
"48502",48,"Eco",1086,"unsatisfied"
"22999",49,"Business",1756,"unsatisfied"
"1548",33,"Business",109,"satisfied"
"101409",15,"Eco",315,"unsatisfied"
"15041",23,"Eco",125,"unsatisfied"
"50868",23,"Business",1740,"satisfied"
"5008",10,"Eco",822,"satisfied"
"13071",25,"Business",3601,"satisfied"
"40744",26,"Business",110,"satisfied"
"9745",22,"Business",2058,"unsatisfied"
"93413",63,"Eco",1598,"satisfied"
"69289",47,"Business",3404,"satisfied"
"63077",29,"Business",2076,"satisfied"
"55988",19,"Business",1952,"unsatisfied"
"18157",32,"Eco",937,"unsatisfied"
"72965",48,"Business",3256,"satisfied"
"24453",60,"Business",1733,"satisfied"
"62285",68,"Eco",564,"unsatisfied"
"42246",55,"Business",152,"satisfied"
"34890",41,"Business",2607,"satisfied"
"56178",20,"Business",1073,"satisfied"
"6187",50,"Eco",655,"unsatisfied"
"12762",23,"Eco",1218,"unsatisfied"
"2435",41,"Business",1119,"satisfied"
"58789",52,"Business",2329,"satisfied"
"15571",34,"Business",2713,"satisfied"
"69895",23,"Eco",1131,"unsatisfied"
"12440",35,"Business",1407,"unsatisfied"
"84664",54,"Business",373,"satisfied"
"47786",59,"Eco",325,"unsatisfied"
"49268",53,"Business",1620,"unsatisfied"
"90139",64,"Eco",547,"unsatisfied"
"58644",51,"Eco",2554,"unsatisfied"
"22597",60,"Business",3374,"unsatisfied"
"51893",9,"Eco Plus",189,"unsatisfied"
"34868",47,"Eco",391,"unsatisfied"
"54381",30,"Business",3931,"satisfied"
"36522",45,"Business",2887,"unsatisfied"
"90994",35,"Eco",255,"unsatisfied"
"92864",56,"Business",2615,"unsatisfied"
"69264",24,"Eco",888,"unsatisfied"
"77667",34,"Business",369,"unsatisfied"
"62609",46,"Eco",1121,"satisfied"
"69538",33,"Business",631,"unsatisfied"
"91835",37,"Business",663,"unsatisfied"
"6383",28,"Eco",224,"unsatisfied"
"36290",40,"Business",1742,"satisfied"
"48037",52,"Eco",190,"unsatisfied"
"10191",44,"Eco",488,"satisfied"
"28521",33,"Eco",1174,"unsatisfied"
"41674",29,"Business",441,"satisfied"
"37098",29,"Eco",925,"satisfied"
"6951",34,"Business",695,"satisfied"
"76177",37,"Eco Plus",446,"unsatisfied"
"17490",35,"Business",2475,"satisfied"
"66237",32,"Eco Plus",216,"unsatisfied"
"46125",28,"Business",733,"satisfied"
"63875",58,"Business",3224,"satisfied"
"22506",51,"Eco Plus",1099,"unsatisfied"
"7120",50,"Business",1949,"satisfied"
"24568",33,"Eco",1084,"unsatisfied"
"95971",49,"Business",2516,"satisfied"
"101767",28,"Eco",238,"unsatisfied"
"78737",23,"Business",956,"satisfied"
"40171",23,"Eco",991,"unsatisfied"
"65649",23,"Eco",1306,"unsatisfied"
"22558",32,"Eco",448,"unsatisfied"
"206",23,"Eco",631,"unsatisfied"
"21259",18,"Business",2013,"unsatisfied"
"54089",37,"Eco",689,"unsatisfied"
"24027",18,"Eco Plus",255,"unsatisfied"
"25012",20,"Eco Plus",637,"unsatisfied"
"81328",64,"Eco Plus",862,"unsatisfied"
"58206",36,"Eco",633,"unsatisfied"
"59407",33,"Eco",4817,"unsatisfied"
"101923",48,"Business",2182,"unsatisfied"
"64090",41,"Business",1754,"satisfied"
"102308",22,"Eco",411,"unsatisfied"
"29927",62,"Eco Plus",409,"unsatisfied"
"45374",50,"Business",628,"satisfied"
"3339",44,"Business",366,"satisfied"
"57310",42,"Business",391,"unsatisfied"
"101489",59,"Business",3800,"satisfied"
"37978",45,"Eco Plus",447,"unsatisfied"
"96259",7,"Eco",362,"satisfied"
"101992",27,"Eco Plus",746,"unsatisfied"
"48270",10,"Eco",576,"unsatisfied"
"71259",67,"Business",3387,"satisfied"
"40127",65,"Eco",1005,"unsatisfied"
"51217",68,"Eco",438,"unsatisfied"
"3540",24,"Eco",230,"unsatisfied"
"93456",22,"Eco",633,"unsatisfied"
"95870",51,"Eco Plus",109,"satisfied"
"29720",42,"Business",240,"satisfied"
"16925",34,"Business",1389,"satisfied"
"51035",55,"Eco Plus",448,"satisfied"
"85758",40,"Eco",1214,"satisfied"
"31451",36,"Business",3155,"satisfied"
"99466",56,"Business",3835,"satisfied"
"948",56,"Eco",378,"unsatisfied"
"28414",43,"Business",669,"unsatisfied"
"92329",34,"Business",2682,"satisfied"
"7874",44,"Business",563,"satisfied"
"83596",21,"Eco",226,"unsatisfied"
"1202",47,"Eco",1874,"unsatisfied"
"29306",42,"Business",3499,"satisfied"
"6875",31,"Eco",680,"unsatisfied"
"77636",40,"Business",1521,"unsatisfied"
"72736",54,"Eco Plus",684,"unsatisfied"
"102231",30,"Eco",907,"unsatisfied"
"35304",53,"Eco",1009,"unsatisfied"
"70528",36,"Business",282,"unsatisfied"
"36558",47,"Eco",589,"satisfied"
"17242",25,"Eco Plus",997,"unsatisfied"
"75562",57,"Business",1635,"satisfied"
"3838",53,"Eco Plus",621,"unsatisfied"
"48235",68,"Business",347,"unsatisfied"
"38258",35,"Eco",337,"satisfied"
"11799",39,"Eco",2370,"satisfied"
"39574",54,"Business",214,"satisfied"
"34462",57,"Business",2227,"satisfied"
"48697",44,"Business",1814,"satisfied"
"8935",33,"Eco",192,"unsatisfied"
"73287",27,"Eco",679,"unsatisfied"
"94844",35,"Business",2445,"satisfied"
"66811",23,"Eco",325,"unsatisfied"
"52192",53,"Eco",507,"unsatisfied"
"16162",55,"Business",227,"satisfied"
"84685",47,"Business",2194,"satisfied"
"45816",47,"Business",1844,"satisfied"
"66430",41,"Eco",371,"unsatisfied"
"29745",39,"Business",2153,"satisfied"
"16856",30,"Business",1940,"satisfied"
"102077",65,"Business",643,"satisfied"
"34256",16,"Eco",737,"unsatisfied"
"99395",34,"Eco Plus",1400,"satisfied"
"19349",26,"Eco",122,"unsatisfied"
"3486",59,"Business",3986,"unsatisfied"
"62794",55,"Eco Plus",1721,"unsatisfied"
"19131",50,"Eco",516,"unsatisfied"
"85706",31,"Eco",318,"unsatisfied"
"72619",20,"Business",3119,"satisfied"
"68654",60,"Eco",373,"unsatisfied"
"24198",22,"Eco Plus",1471,"unsatisfied"
"61655",47,"Eco",854,"satisfied"
"92863",65,"Eco Plus",223,"unsatisfied"
"48962",43,"Eco",954,"satisfied"
"96416",34,"Eco",237,"unsatisfied"
"26351",44,"Eco",631,"unsatisfied"
"45269",10,"Eco",247,"unsatisfied"
"30160",51,"Business",3542,"satisfied"
"75837",53,"Eco",1222,"satisfied"
"78658",42,"Business",3224,"satisfied"
"55792",22,"Eco",838,"satisfied"
"69585",51,"Business",604,"satisfied"
"50050",49,"Business",2475,"satisfied"
"32929",52,"Eco",335,"unsatisfied"
"98362",38,"Business",1187,"unsatisfied"
"12641",16,"Eco",183,"unsatisfied"
"26687",56,"Eco",488,"satisfied"
"65668",10,"Eco",748,"satisfied"
"75927",39,"Business",281,"unsatisfied"
"100448",26,"Eco",493,"unsatisfied"
"49376",61,"Business",541,"unsatisfied"
"8385",28,"Business",1055,"unsatisfied"
"83671",29,"Business",210,"unsatisfied"
"3018",50,"Eco",122,"unsatisfied"
"92902",22,"Eco Plus",2475,"unsatisfied"
"36182",10,"Eco",860,"unsatisfied"
"86457",62,"Eco",251,"satisfied"
"6397",66,"Eco",489,"unsatisfied"
"87966",35,"Eco",746,"unsatisfied"
"53092",52,"Business",1896,"satisfied"
"52268",44,"Eco",1542,"unsatisfied"
"79429",68,"Business",224,"unsatisfied"
"2960",14,"Eco",714,"unsatisfied"
"44157",33,"Eco",283,"satisfied"
"97843",29,"Business",228,"unsatisfied"
"31772",31,"Business",3229,"satisfied"
"20786",58,"Business",2249,"satisfied"
"68497",59,"Business",1105,"satisfied"
"74406",25,"Business",1096,"unsatisfied"
"15179",53,"Eco",630,"unsatisfied"
"532",58,"Eco",2405,"satisfied"
"64846",58,"Business",2402,"satisfied"
"71225",53,"Business",1861,"satisfied"
"35526",40,"Eco",1995,"unsatisfied"
"17816",28,"Business",587,"unsatisfied"
"62106",57,"Business",337,"satisfied"
"64204",40,"Business",1846,"satisfied"
"20578",49,"Business",306,"unsatisfied"
"42045",59,"Eco",680,"unsatisfied"
"91216",54,"Business",1121,"unsatisfied"
"16858",46,"Business",2540,"satisfied"
"102697",37,"Eco",333,"unsatisfied"
"50786",68,"Business",1565,"satisfied"
"42046",38,"Eco",1044,"unsatisfied"
"80384",39,"Business",2083,"satisfied"
"57525",28,"Business",752,"satisfied"
"1682",27,"Business",2227,"satisfied"
"73364",10,"Eco",888,"unsatisfied"
"59642",55,"Eco",1042,"satisfied"
"94325",47,"Business",446,"unsatisfied"
"80747",47,"Eco",4983,"unsatisfied"
"64983",38,"Business",925,"satisfied"
"5821",51,"Business",3582,"unsatisfied"
"56135",63,"Business",489,"unsatisfied"
"33127",23,"Business",1504,"satisfied"
"54035",24,"Eco",2342,"unsatisfied"
"80735",49,"Business",2669,"satisfied"
"92139",44,"Eco",697,"unsatisfied"
"100188",8,"Business",425,"unsatisfied"
